agent_id,agent_role,branch_id,child_node_ids,dependency_type,duration_sec,end_time,is_critical_path,loop_iteration_id,motif_type,node_id,node_type,parent_node_ids,round_id,start_time,workflow_name,workflow_run_id
debate_web_context_search,tool,,"[""opinion_1"", ""opinion_2"", ""opinion_3"", ""opinion_4"", ""opinion_5"", ""opinion_6""]",tool_dependency,6.811171,6.914407,False,0,debate,debate_web_context_search,tool,"[""START""]",,0.10323599999999988,debate_allgather_pressure_meso,debate_allgather_pressure_meso_20260603_152251_329250
opinion_3,peer_agent,local_opinions,"[""agent_1_round_1"", ""agent_2_round_1"", ""agent_3_round_1"", ""agent_4_round_1"", ""agent_5_round_1"", ""agent_6_round_1""]",sequential,6.715024,13.6509,False,0,debate,opinion_3,peer_agent,"[""debate_web_context_search""]",,6.935876,debate_allgather_pressure_meso,debate_allgather_pressure_meso_20260603_152251_329250
opinion_1,peer_agent,local_opinions,"[""agent_1_round_1"", ""agent_2_round_1"", ""agent_3_round_1"", ""agent_4_round_1"", ""agent_5_round_1"", ""agent_6_round_1""]",sequential,6.714117,13.654945,False,0,debate,opinion_1,peer_agent,"[""debate_web_context_search""]",,6.940828,debate_allgather_pressure_meso,debate_allgather_pressure_meso_20260603_152251_329250
opinion_2,peer_agent,local_opinions,"[""agent_1_round_1"", ""agent_2_round_1"", ""agent_3_round_1"", ""agent_4_round_1"", ""agent_5_round_1"", ""agent_6_round_1""]",sequential,6.71331,13.655319,False,0,debate,opinion_2,peer_agent,"[""debate_web_context_search""]",,6.9420090000000005,debate_allgather_pressure_meso,debate_allgather_pressure_meso_20260603_152251_329250
opinion_5,peer_agent,local_opinions,"[""agent_1_round_1"", ""agent_2_round_1"", ""agent_3_round_1"", ""agent_4_round_1"", ""agent_5_round_1"", ""agent_6_round_1""]",sequential,6.710397,13.655769,False,0,debate,opinion_5,peer_agent,"[""debate_web_context_search""]",,6.945371999999999,debate_allgather_pressure_meso,debate_allgather_pressure_meso_20260603_152251_329250
opinion_6,peer_agent,local_opinions,"[""agent_1_round_1"", ""agent_2_round_1"", ""agent_3_round_1"", ""agent_4_round_1"", ""agent_5_round_1"", ""agent_6_round_1""]",sequential,6.708162,13.655983,False,0,debate,opinion_6,peer_agent,"[""debate_web_context_search""]",,6.947821000000001,debate_allgather_pressure_meso,debate_allgather_pressure_meso_20260603_152251_329250
opinion_4,peer_agent,local_opinions,"[""agent_1_round_1"", ""agent_2_round_1"", ""agent_3_round_1"", ""agent_4_round_1"", ""agent_5_round_1"", ""agent_6_round_1""]",sequential,6.707272,13.656243,False,0,debate,opinion_4,peer_agent,"[""debate_web_context_search""]",,6.948971,debate_allgather_pressure_meso,debate_allgather_pressure_meso_20260603_152251_329250
opinion_1->agent_1_round_1,edge,all_gather_r1,[],debate_round,0.0,13.659429,False,0,debate,opinion_1->agent_1_round_1,edge,[],1,13.659429,debate_allgather_pressure_meso,debate_allgather_pressure_meso_20260603_152251_329250
opinion_1->agent_2_round_1,edge,all_gather_r1,[],debate_round,0.0,13.659918,False,0,debate,opinion_1->agent_2_round_1,edge,[],1,13.659918,debate_allgather_pressure_meso,debate_allgather_pressure_meso_20260603_152251_329250
opinion_1->agent_3_round_1,edge,all_gather_r1,[],debate_round,0.0,13.660115,False,0,debate,opinion_1->agent_3_round_1,edge,[],1,13.660115,debate_allgather_pressure_meso,debate_allgather_pressure_meso_20260603_152251_329250
opinion_2->agent_1_round_1,edge,all_gather_r1,[],debate_round,0.0,13.660296,False,0,debate,opinion_2->agent_1_round_1,edge,[],1,13.660296,debate_allgather_pressure_meso,debate_allgather_pressure_meso_20260603_152251_329250
opinion_1->agent_4_round_1,edge,all_gather_r1,[],debate_round,0.0,13.660594,False,0,debate,opinion_1->agent_4_round_1,edge,[],1,13.660594,debate_allgather_pressure_meso,debate_allgather_pressure_meso_20260603_152251_329250
opinion_3->agent_1_round_1,edge,all_gather_r1,[],debate_round,0.0,13.660893,False,0,debate,opinion_3->agent_1_round_1,edge,[],1,13.660893,debate_allgather_pressure_meso,debate_allgather_pressure_meso_20260603_152251_329250
opinion_2->agent_2_round_1,edge,all_gather_r1,[],debate_round,0.0,13.661045,False,0,debate,opinion_2->agent_2_round_1,edge,[],1,13.661045,debate_allgather_pressure_meso,debate_allgather_pressure_meso_20260603_152251_329250
opinion_1->agent_5_round_1,edge,all_gather_r1,[],debate_round,0.0,13.661219,False,0,debate,opinion_1->agent_5_round_1,edge,[],1,13.661219,debate_allgather_pressure_meso,debate_allgather_pressure_meso_20260603_152251_329250
opinion_2->agent_4_round_1,edge,all_gather_r1,[],debate_round,0.0,13.66137,False,0,debate,opinion_2->agent_4_round_1,edge,[],1,13.66137,debate_allgather_pressure_meso,debate_allgather_pressure_meso_20260603_152251_329250
opinion_2->agent_3_round_1,edge,all_gather_r1,[],debate_round,0.0,13.661512,False,0,debate,opinion_2->agent_3_round_1,edge,[],1,13.661512,debate_allgather_pressure_meso,debate_allgather_pressure_meso_20260603_152251_329250
opinion_3->agent_2_round_1,edge,all_gather_r1,[],debate_round,0.0,13.661647,False,0,debate,opinion_3->agent_2_round_1,edge,[],1,13.661647,debate_allgather_pressure_meso,debate_allgather_pressure_meso_20260603_152251_329250
opinion_4->agent_1_round_1,edge,all_gather_r1,[],debate_round,0.0,13.661786,False,0,debate,opinion_4->agent_1_round_1,edge,[],1,13.661786,debate_allgather_pressure_meso,debate_allgather_pressure_meso_20260603_152251_329250
opinion_1->agent_6_round_1,edge,all_gather_r1,[],debate_round,0.0,13.661933,False,0,debate,opinion_1->agent_6_round_1,edge,[],1,13.661933,debate_allgather_pressure_meso,debate_allgather_pressure_meso_20260603_152251_329250
opinion_2->agent_5_round_1,edge,all_gather_r1,[],debate_round,0.0,13.662086,False,0,debate,opinion_2->agent_5_round_1,edge,[],1,13.662086,debate_allgather_pressure_meso,debate_allgather_pressure_meso_20260603_152251_329250
opinion_3->agent_3_round_1,edge,all_gather_r1,[],debate_round,0.0,13.662231,False,0,debate,opinion_3->agent_3_round_1,edge,[],1,13.662231,debate_allgather_pressure_meso,debate_allgather_pressure_meso_20260603_152251_329250
opinion_2->agent_6_round_1,edge,all_gather_r1,[],debate_round,0.0,13.662397,False,0,debate,opinion_2->agent_6_round_1,edge,[],1,13.662397,debate_allgather_pressure_meso,debate_allgather_pressure_meso_20260603_152251_329250
opinion_3->agent_4_round_1,edge,all_gather_r1,[],debate_round,0.0,13.662531,False,0,debate,opinion_3->agent_4_round_1,edge,[],1,13.662531,debate_allgather_pressure_meso,debate_allgather_pressure_meso_20260603_152251_329250
opinion_4->agent_3_round_1,edge,all_gather_r1,[],debate_round,0.0,13.662655,False,0,debate,opinion_4->agent_3_round_1,edge,[],1,13.662655,debate_allgather_pressure_meso,debate_allgather_pressure_meso_20260603_152251_329250
opinion_4->agent_2_round_1,edge,all_gather_r1,[],debate_round,0.0,13.662765,False,0,debate,opinion_4->agent_2_round_1,edge,[],1,13.662765,debate_allgather_pressure_meso,debate_allgather_pressure_meso_20260603_152251_329250
opinion_3->agent_6_round_1,edge,all_gather_r1,[],debate_round,0.0,13.662881,False,0,debate,opinion_3->agent_6_round_1,edge,[],1,13.662881,debate_allgather_pressure_meso,debate_allgather_pressure_meso_20260603_152251_329250
opinion_3->agent_5_round_1,edge,all_gather_r1,[],debate_round,0.0,13.662998,False,0,debate,opinion_3->agent_5_round_1,edge,[],1,13.662998,debate_allgather_pressure_meso,debate_allgather_pressure_meso_20260603_152251_329250
opinion_5->agent_3_round_1,edge,all_gather_r1,[],debate_round,0.0,13.663152,False,0,debate,opinion_5->agent_3_round_1,edge,[],1,13.663152,debate_allgather_pressure_meso,debate_allgather_pressure_meso_20260603_152251_329250
opinion_5->agent_1_round_1,edge,all_gather_r1,[],debate_round,0.0,13.663336,False,0,debate,opinion_5->agent_1_round_1,edge,[],1,13.663336,debate_allgather_pressure_meso,debate_allgather_pressure_meso_20260603_152251_329250
opinion_4->agent_6_round_1,edge,all_gather_r1,[],debate_round,0.0,13.663477,False,0,debate,opinion_4->agent_6_round_1,edge,[],1,13.663477,debate_allgather_pressure_meso,debate_allgather_pressure_meso_20260603_152251_329250
opinion_6->agent_3_round_1,edge,all_gather_r1,[],debate_round,0.0,13.663619,False,0,debate,opinion_6->agent_3_round_1,edge,[],1,13.663619,debate_allgather_pressure_meso,debate_allgather_pressure_meso_20260603_152251_329250
opinion_4->agent_4_round_1,edge,all_gather_r1,[],debate_round,0.0,13.663756,False,0,debate,opinion_4->agent_4_round_1,edge,[],1,13.663756,debate_allgather_pressure_meso,debate_allgather_pressure_meso_20260603_152251_329250
opinion_4->agent_5_round_1,edge,all_gather_r1,[],debate_round,0.0,13.663882,False,0,debate,opinion_4->agent_5_round_1,edge,[],1,13.663882,debate_allgather_pressure_meso,debate_allgather_pressure_meso_20260603_152251_329250
opinion_5->agent_2_round_1,edge,all_gather_r1,[],debate_round,0.0,13.664059,False,0,debate,opinion_5->agent_2_round_1,edge,[],1,13.664059,debate_allgather_pressure_meso,debate_allgather_pressure_meso_20260603_152251_329250
opinion_5->agent_6_round_1,edge,all_gather_r1,[],debate_round,0.0,13.664171,False,0,debate,opinion_5->agent_6_round_1,edge,[],1,13.664171,debate_allgather_pressure_meso,debate_allgather_pressure_meso_20260603_152251_329250
opinion_5->agent_4_round_1,edge,all_gather_r1,[],debate_round,0.0,13.664345,False,0,debate,opinion_5->agent_4_round_1,edge,[],1,13.664345,debate_allgather_pressure_meso,debate_allgather_pressure_meso_20260603_152251_329250
opinion_5->agent_5_round_1,edge,all_gather_r1,[],debate_round,0.0,13.664468,False,0,debate,opinion_5->agent_5_round_1,edge,[],1,13.664468,debate_allgather_pressure_meso,debate_allgather_pressure_meso_20260603_152251_329250
opinion_6->agent_1_round_1,edge,all_gather_r1,[],debate_round,0.0,13.664629,False,0,debate,opinion_6->agent_1_round_1,edge,[],1,13.664629,debate_allgather_pressure_meso,debate_allgather_pressure_meso_20260603_152251_329250
opinion_6->agent_2_round_1,edge,all_gather_r1,[],debate_round,0.0,13.664757,False,0,debate,opinion_6->agent_2_round_1,edge,[],1,13.664757,debate_allgather_pressure_meso,debate_allgather_pressure_meso_20260603_152251_329250
opinion_6->agent_4_round_1,edge,all_gather_r1,[],debate_round,0.0,13.664856,False,0,debate,opinion_6->agent_4_round_1,edge,[],1,13.664856,debate_allgather_pressure_meso,debate_allgather_pressure_meso_20260603_152251_329250
opinion_6->agent_6_round_1,edge,all_gather_r1,[],debate_round,0.0,13.664983,False,0,debate,opinion_6->agent_6_round_1,edge,[],1,13.664983,debate_allgather_pressure_meso,debate_allgather_pressure_meso_20260603_152251_329250
opinion_6->agent_5_round_1,edge,all_gather_r1,[],debate_round,0.0,13.665078,False,0,debate,opinion_6->agent_5_round_1,edge,[],1,13.665078,debate_allgather_pressure_meso,debate_allgather_pressure_meso_20260603_152251_329250
agent_3_round_1,peer_agent,all_gather_r1,"[""agent_1_round_2"", ""agent_2_round_2"", ""agent_3_round_2"", ""agent_4_round_2"", ""agent_5_round_2"", ""agent_6_round_2""]",debate_round,7.867845,21.556032,False,0,debate,agent_3_round_1,peer_agent,"[""opinion_1"", ""opinion_2"", ""opinion_3"", ""opinion_4"", ""opinion_5"", ""opinion_6""]",1,13.688187,debate_allgather_pressure_meso,debate_allgather_pressure_meso_20260603_152251_329250
agent_6_round_1,peer_agent,all_gather_r1,"[""agent_1_round_2"", ""agent_2_round_2"", ""agent_3_round_2"", ""agent_4_round_2"", ""agent_5_round_2"", ""agent_6_round_2""]",debate_round,7.898009,21.586186,False,0,debate,agent_6_round_1,peer_agent,"[""opinion_1"", ""opinion_2"", ""opinion_3"", ""opinion_4"", ""opinion_5"", ""opinion_6""]",1,13.688177000000001,debate_allgather_pressure_meso,debate_allgather_pressure_meso_20260603_152251_329250
agent_2_round_1,peer_agent,all_gather_r1,"[""agent_1_round_2"", ""agent_2_round_2"", ""agent_3_round_2"", ""agent_4_round_2"", ""agent_5_round_2"", ""agent_6_round_2""]",debate_round,7.92651,21.615937,False,0,debate,agent_2_round_1,peer_agent,"[""opinion_1"", ""opinion_2"", ""opinion_3"", ""opinion_4"", ""opinion_5"", ""opinion_6""]",1,13.689426999999998,debate_allgather_pressure_meso,debate_allgather_pressure_meso_20260603_152251_329250
agent_1_round_1,peer_agent,all_gather_r1,"[""agent_1_round_2"", ""agent_2_round_2"", ""agent_3_round_2"", ""agent_4_round_2"", ""agent_5_round_2"", ""agent_6_round_2""]",debate_round,7.94257,21.630208,False,0,debate,agent_1_round_1,peer_agent,"[""opinion_1"", ""opinion_2"", ""opinion_3"", ""opinion_4"", ""opinion_5"", ""opinion_6""]",1,13.687638,debate_allgather_pressure_meso,debate_allgather_pressure_meso_20260603_152251_329250
agent_4_round_1,peer_agent,all_gather_r1,"[""agent_1_round_2"", ""agent_2_round_2"", ""agent_3_round_2"", ""agent_4_round_2"", ""agent_5_round_2"", ""agent_6_round_2""]",debate_round,7.970238,21.659763,False,0,debate,agent_4_round_1,peer_agent,"[""opinion_1"", ""opinion_2"", ""opinion_3"", ""opinion_4"", ""opinion_5"", ""opinion_6""]",1,13.689525000000001,debate_allgather_pressure_meso,debate_allgather_pressure_meso_20260603_152251_329250
agent_5_round_1,peer_agent,all_gather_r1,"[""agent_1_round_2"", ""agent_2_round_2"", ""agent_3_round_2"", ""agent_4_round_2"", ""agent_5_round_2"", ""agent_6_round_2""]",debate_round,8.000432,21.688559,False,0,debate,agent_5_round_1,peer_agent,"[""opinion_1"", ""opinion_2"", ""opinion_3"", ""opinion_4"", ""opinion_5"", ""opinion_6""]",1,13.688127000000001,debate_allgather_pressure_meso,debate_allgather_pressure_meso_20260603_152251_329250
all_gather_barrier_r1,barrier,,[],debate_round,0.0,21.690425,False,0,debate,all_gather_barrier_r1,barrier,[],1,21.690425,debate_allgather_pressure_meso,debate_allgather_pressure_meso_20260603_152251_329250
agent_1_round_1->agent_1_round_2,edge,all_gather_r2,[],debate_round,0.0,21.691856,False,0,debate,agent_1_round_1->agent_1_round_2,edge,[],2,21.691856,debate_allgather_pressure_meso,debate_allgather_pressure_meso_20260603_152251_329250
agent_2_round_1->agent_1_round_2,edge,all_gather_r2,[],debate_round,0.0,21.692485,False,0,debate,agent_2_round_1->agent_1_round_2,edge,[],2,21.692485,debate_allgather_pressure_meso,debate_allgather_pressure_meso_20260603_152251_329250
agent_1_round_1->agent_2_round_2,edge,all_gather_r2,[],debate_round,0.0,21.692639,False,0,debate,agent_1_round_1->agent_2_round_2,edge,[],2,21.692639,debate_allgather_pressure_meso,debate_allgather_pressure_meso_20260603_152251_329250
agent_3_round_1->agent_1_round_2,edge,all_gather_r2,[],debate_round,0.0,21.69292,False,0,debate,agent_3_round_1->agent_1_round_2,edge,[],2,21.69292,debate_allgather_pressure_meso,debate_allgather_pressure_meso_20260603_152251_329250
agent_2_round_1->agent_2_round_2,edge,all_gather_r2,[],debate_round,0.0,21.693027,False,0,debate,agent_2_round_1->agent_2_round_2,edge,[],2,21.693027,debate_allgather_pressure_meso,debate_allgather_pressure_meso_20260603_152251_329250
agent_4_round_1->agent_1_round_2,edge,all_gather_r2,[],debate_round,0.0,21.693374,False,0,debate,agent_4_round_1->agent_1_round_2,edge,[],2,21.693374,debate_allgather_pressure_meso,debate_allgather_pressure_meso_20260603_152251_329250
agent_3_round_1->agent_2_round_2,edge,all_gather_r2,[],debate_round,0.0,21.693511,False,0,debate,agent_3_round_1->agent_2_round_2,edge,[],2,21.693511,debate_allgather_pressure_meso,debate_allgather_pressure_meso_20260603_152251_329250
agent_1_round_1->agent_3_round_2,edge,all_gather_r2,[],debate_round,0.0,21.693904,False,0,debate,agent_1_round_1->agent_3_round_2,edge,[],2,21.693904,debate_allgather_pressure_meso,debate_allgather_pressure_meso_20260603_152251_329250
agent_5_round_1->agent_1_round_2,edge,all_gather_r2,[],debate_round,0.0,21.694027,False,0,debate,agent_5_round_1->agent_1_round_2,edge,[],2,21.694027,debate_allgather_pressure_meso,debate_allgather_pressure_meso_20260603_152251_329250
agent_4_round_1->agent_2_round_2,edge,all_gather_r2,[],debate_round,0.0,21.694146,False,0,debate,agent_4_round_1->agent_2_round_2,edge,[],2,21.694146,debate_allgather_pressure_meso,debate_allgather_pressure_meso_20260603_152251_329250
agent_1_round_1->agent_4_round_2,edge,all_gather_r2,[],debate_round,0.0,21.694286,False,0,debate,agent_1_round_1->agent_4_round_2,edge,[],2,21.694286,debate_allgather_pressure_meso,debate_allgather_pressure_meso_20260603_152251_329250
agent_5_round_1->agent_2_round_2,edge,all_gather_r2,[],debate_round,0.0,21.694697,False,0,debate,agent_5_round_1->agent_2_round_2,edge,[],2,21.694697,debate_allgather_pressure_meso,debate_allgather_pressure_meso_20260603_152251_329250
agent_6_round_1->agent_1_round_2,edge,all_gather_r2,[],debate_round,0.0,21.6948,False,0,debate,agent_6_round_1->agent_1_round_2,edge,[],2,21.6948,debate_allgather_pressure_meso,debate_allgather_pressure_meso_20260603_152251_329250
agent_6_round_1->agent_2_round_2,edge,all_gather_r2,[],debate_round,0.0,21.695148,False,0,debate,agent_6_round_1->agent_2_round_2,edge,[],2,21.695148,debate_allgather_pressure_meso,debate_allgather_pressure_meso_20260603_152251_329250
agent_2_round_1->agent_4_round_2,edge,all_gather_r2,[],debate_round,0.0,21.69525,False,0,debate,agent_2_round_1->agent_4_round_2,edge,[],2,21.69525,debate_allgather_pressure_meso,debate_allgather_pressure_meso_20260603_152251_329250
agent_2_round_1->agent_3_round_2,edge,all_gather_r2,[],debate_round,0.0,21.6955,False,0,debate,agent_2_round_1->agent_3_round_2,edge,[],2,21.6955,debate_allgather_pressure_meso,debate_allgather_pressure_meso_20260603_152251_329250
agent_1_round_1->agent_5_round_2,edge,all_gather_r2,[],debate_round,0.0,21.695636,False,0,debate,agent_1_round_1->agent_5_round_2,edge,[],2,21.695636,debate_allgather_pressure_meso,debate_allgather_pressure_meso_20260603_152251_329250
agent_3_round_1->agent_3_round_2,edge,all_gather_r2,[],debate_round,0.0,21.695842,False,0,debate,agent_3_round_1->agent_3_round_2,edge,[],2,21.695842,debate_allgather_pressure_meso,debate_allgather_pressure_meso_20260603_152251_329250
agent_2_round_1->agent_5_round_2,edge,all_gather_r2,[],debate_round,0.0,21.695954,False,0,debate,agent_2_round_1->agent_5_round_2,edge,[],2,21.695954,debate_allgather_pressure_meso,debate_allgather_pressure_meso_20260603_152251_329250
agent_1_round_1->agent_6_round_2,edge,all_gather_r2,[],debate_round,0.0,21.696077,False,0,debate,agent_1_round_1->agent_6_round_2,edge,[],2,21.696077,debate_allgather_pressure_meso,debate_allgather_pressure_meso_20260603_152251_329250
agent_3_round_1->agent_4_round_2,edge,all_gather_r2,[],debate_round,0.0,21.696247,False,0,debate,agent_3_round_1->agent_4_round_2,edge,[],2,21.696247,debate_allgather_pressure_meso,debate_allgather_pressure_meso_20260603_152251_329250
agent_4_round_1->agent_3_round_2,edge,all_gather_r2,[],debate_round,0.0,21.696376,False,0,debate,agent_4_round_1->agent_3_round_2,edge,[],2,21.696376,debate_allgather_pressure_meso,debate_allgather_pressure_meso_20260603_152251_329250
agent_3_round_1->agent_5_round_2,edge,all_gather_r2,[],debate_round,0.0,21.696685,False,0,debate,agent_3_round_1->agent_5_round_2,edge,[],2,21.696685,debate_allgather_pressure_meso,debate_allgather_pressure_meso_20260603_152251_329250
agent_2_round_1->agent_6_round_2,edge,all_gather_r2,[],debate_round,0.0,21.696799,False,0,debate,agent_2_round_1->agent_6_round_2,edge,[],2,21.696799,debate_allgather_pressure_meso,debate_allgather_pressure_meso_20260603_152251_329250
agent_4_round_1->agent_4_round_2,edge,all_gather_r2,[],debate_round,0.0,21.696902,False,0,debate,agent_4_round_1->agent_4_round_2,edge,[],2,21.696902,debate_allgather_pressure_meso,debate_allgather_pressure_meso_20260603_152251_329250
agent_4_round_1->agent_5_round_2,edge,all_gather_r2,[],debate_round,0.0,21.697064,False,0,debate,agent_4_round_1->agent_5_round_2,edge,[],2,21.697064,debate_allgather_pressure_meso,debate_allgather_pressure_meso_20260603_152251_329250
agent_5_round_1->agent_3_round_2,edge,all_gather_r2,[],debate_round,0.0,21.697203,False,0,debate,agent_5_round_1->agent_3_round_2,edge,[],2,21.697203,debate_allgather_pressure_meso,debate_allgather_pressure_meso_20260603_152251_329250
agent_5_round_1->agent_4_round_2,edge,all_gather_r2,[],debate_round,0.0,21.69732,False,0,debate,agent_5_round_1->agent_4_round_2,edge,[],2,21.69732,debate_allgather_pressure_meso,debate_allgather_pressure_meso_20260603_152251_329250
agent_3_round_1->agent_6_round_2,edge,all_gather_r2,[],debate_round,0.0,21.69745,False,0,debate,agent_3_round_1->agent_6_round_2,edge,[],2,21.69745,debate_allgather_pressure_meso,debate_allgather_pressure_meso_20260603_152251_329250
agent_5_round_1->agent_5_round_2,edge,all_gather_r2,[],debate_round,0.0,21.697558,False,0,debate,agent_5_round_1->agent_5_round_2,edge,[],2,21.697558,debate_allgather_pressure_meso,debate_allgather_pressure_meso_20260603_152251_329250
agent_6_round_1->agent_3_round_2,edge,all_gather_r2,[],debate_round,0.0,21.697651,False,0,debate,agent_6_round_1->agent_3_round_2,edge,[],2,21.697651,debate_allgather_pressure_meso,debate_allgather_pressure_meso_20260603_152251_329250
agent_6_round_1->agent_5_round_2,edge,all_gather_r2,[],debate_round,0.0,21.69792,False,0,debate,agent_6_round_1->agent_5_round_2,edge,[],2,21.69792,debate_allgather_pressure_meso,debate_allgather_pressure_meso_20260603_152251_329250
agent_6_round_1->agent_4_round_2,edge,all_gather_r2,[],debate_round,0.0,21.698028,False,0,debate,agent_6_round_1->agent_4_round_2,edge,[],2,21.698028,debate_allgather_pressure_meso,debate_allgather_pressure_meso_20260603_152251_329250
agent_4_round_1->agent_6_round_2,edge,all_gather_r2,[],debate_round,0.0,21.698206,False,0,debate,agent_4_round_1->agent_6_round_2,edge,[],2,21.698206,debate_allgather_pressure_meso,debate_allgather_pressure_meso_20260603_152251_329250
agent_5_round_1->agent_6_round_2,edge,all_gather_r2,[],debate_round,0.0,21.69857,False,0,debate,agent_5_round_1->agent_6_round_2,edge,[],2,21.69857,debate_allgather_pressure_meso,debate_allgather_pressure_meso_20260603_152251_329250
agent_6_round_1->agent_6_round_2,edge,all_gather_r2,[],debate_round,0.0,21.699117,False,0,debate,agent_6_round_1->agent_6_round_2,edge,[],2,21.699117,debate_allgather_pressure_meso,debate_allgather_pressure_meso_20260603_152251_329250
agent_2_round_2,peer_agent,all_gather_r2,"[""agent_1_round_3"", ""agent_2_round_3"", ""agent_3_round_3"", ""agent_4_round_3"", ""agent_5_round_3"", ""agent_6_round_3""]",debate_round,7.770078,29.489532,False,0,debate,agent_2_round_2,peer_agent,"[""agent_1_round_1"", ""agent_2_round_1"", ""agent_3_round_1"", ""agent_4_round_1"", ""agent_5_round_1"", ""agent_6_round_1""]",2,21.719454,debate_allgather_pressure_meso,debate_allgather_pressure_meso_20260603_152251_329250
agent_1_round_2,peer_agent,all_gather_r2,"[""agent_1_round_3"", ""agent_2_round_3"", ""agent_3_round_3"", ""agent_4_round_3"", ""agent_5_round_3"", ""agent_6_round_3""]",debate_round,7.801019,29.522028,False,0,debate,agent_1_round_2,peer_agent,"[""agent_1_round_1"", ""agent_2_round_1"", ""agent_3_round_1"", ""agent_4_round_1"", ""agent_5_round_1"", ""agent_6_round_1""]",2,21.721009,debate_allgather_pressure_meso,debate_allgather_pressure_meso_20260603_152251_329250
agent_5_round_2,peer_agent,all_gather_r2,"[""agent_1_round_3"", ""agent_2_round_3"", ""agent_3_round_3"", ""agent_4_round_3"", ""agent_5_round_3"", ""agent_6_round_3""]",debate_round,7.831152,29.551649,False,0,debate,agent_5_round_2,peer_agent,"[""agent_1_round_1"", ""agent_2_round_1"", ""agent_3_round_1"", ""agent_4_round_1"", ""agent_5_round_1"", ""agent_6_round_1""]",2,21.720497,debate_allgather_pressure_meso,debate_allgather_pressure_meso_20260603_152251_329250
agent_6_round_2,peer_agent,all_gather_r2,"[""agent_1_round_3"", ""agent_2_round_3"", ""agent_3_round_3"", ""agent_4_round_3"", ""agent_5_round_3"", ""agent_6_round_3""]",debate_round,7.842964,29.564405,False,0,debate,agent_6_round_2,peer_agent,"[""agent_1_round_1"", ""agent_2_round_1"", ""agent_3_round_1"", ""agent_4_round_1"", ""agent_5_round_1"", ""agent_6_round_1""]",2,21.721441,debate_allgather_pressure_meso,debate_allgather_pressure_meso_20260603_152251_329250
agent_3_round_2,peer_agent,all_gather_r2,"[""agent_1_round_3"", ""agent_2_round_3"", ""agent_3_round_3"", ""agent_4_round_3"", ""agent_5_round_3"", ""agent_6_round_3""]",debate_round,7.873257,29.596559,False,0,debate,agent_3_round_2,peer_agent,"[""agent_1_round_1"", ""agent_2_round_1"", ""agent_3_round_1"", ""agent_4_round_1"", ""agent_5_round_1"", ""agent_6_round_1""]",2,21.723302,debate_allgather_pressure_meso,debate_allgather_pressure_meso_20260603_152251_329250
agent_4_round_2,peer_agent,all_gather_r2,"[""agent_1_round_3"", ""agent_2_round_3"", ""agent_3_round_3"", ""agent_4_round_3"", ""agent_5_round_3"", ""agent_6_round_3""]",debate_round,7.900579,29.619709,False,0,debate,agent_4_round_2,peer_agent,"[""agent_1_round_1"", ""agent_2_round_1"", ""agent_3_round_1"", ""agent_4_round_1"", ""agent_5_round_1"", ""agent_6_round_1""]",2,21.71913,debate_allgather_pressure_meso,debate_allgather_pressure_meso_20260603_152251_329250
all_gather_barrier_r2,barrier,,[],debate_round,0.0,29.620995,False,0,debate,all_gather_barrier_r2,barrier,[],2,29.620995,debate_allgather_pressure_meso,debate_allgather_pressure_meso_20260603_152251_329250
agent_1_round_2->agent_1_round_3,edge,all_gather_r3,[],debate_round,0.0,29.622371,False,0,debate,agent_1_round_2->agent_1_round_3,edge,[],3,29.622371,debate_allgather_pressure_meso,debate_allgather_pressure_meso_20260603_152251_329250
agent_1_round_2->agent_2_round_3,edge,all_gather_r3,[],debate_round,0.0,29.622843,False,0,debate,agent_1_round_2->agent_2_round_3,edge,[],3,29.622843,debate_allgather_pressure_meso,debate_allgather_pressure_meso_20260603_152251_329250
agent_2_round_2->agent_1_round_3,edge,all_gather_r3,[],debate_round,0.0,29.623133,False,0,debate,agent_2_round_2->agent_1_round_3,edge,[],3,29.623133,debate_allgather_pressure_meso,debate_allgather_pressure_meso_20260603_152251_329250
agent_1_round_2->agent_3_round_3,edge,all_gather_r3,[],debate_round,0.0,29.623299,False,0,debate,agent_1_round_2->agent_3_round_3,edge,[],3,29.623299,debate_allgather_pressure_meso,debate_allgather_pressure_meso_20260603_152251_329250
agent_3_round_2->agent_1_round_3,edge,all_gather_r3,[],debate_round,0.0,29.623682,False,0,debate,agent_3_round_2->agent_1_round_3,edge,[],3,29.623682,debate_allgather_pressure_meso,debate_allgather_pressure_meso_20260603_152251_329250
agent_2_round_2->agent_2_round_3,edge,all_gather_r3,[],debate_round,0.0,29.623804,False,0,debate,agent_2_round_2->agent_2_round_3,edge,[],3,29.623804,debate_allgather_pressure_meso,debate_allgather_pressure_meso_20260603_152251_329250
agent_2_round_2->agent_3_round_3,edge,all_gather_r3,[],debate_round,0.0,29.624089,False,0,debate,agent_2_round_2->agent_3_round_3,edge,[],3,29.624089,debate_allgather_pressure_meso,debate_allgather_pressure_meso_20260603_152251_329250
agent_4_round_2->agent_1_round_3,edge,all_gather_r3,[],debate_round,0.0,29.624477,False,0,debate,agent_4_round_2->agent_1_round_3,edge,[],3,29.624477,debate_allgather_pressure_meso,debate_allgather_pressure_meso_20260603_152251_329250
agent_3_round_2->agent_2_round_3,edge,all_gather_r3,[],debate_round,0.0,29.6246,False,0,debate,agent_3_round_2->agent_2_round_3,edge,[],3,29.6246,debate_allgather_pressure_meso,debate_allgather_pressure_meso_20260603_152251_329250
agent_3_round_2->agent_3_round_3,edge,all_gather_r3,[],debate_round,0.0,29.624717,False,0,debate,agent_3_round_2->agent_3_round_3,edge,[],3,29.624717,debate_allgather_pressure_meso,debate_allgather_pressure_meso_20260603_152251_329250
agent_5_round_2->agent_1_round_3,edge,all_gather_r3,[],debate_round,0.0,29.624824,False,0,debate,agent_5_round_2->agent_1_round_3,edge,[],3,29.624824,debate_allgather_pressure_meso,debate_allgather_pressure_meso_20260603_152251_329250
agent_1_round_2->agent_4_round_3,edge,all_gather_r3,[],debate_round,0.0,29.625138,False,0,debate,agent_1_round_2->agent_4_round_3,edge,[],3,29.625138,debate_allgather_pressure_meso,debate_allgather_pressure_meso_20260603_152251_329250
agent_4_round_2->agent_3_round_3,edge,all_gather_r3,[],debate_round,0.0,29.625244,False,0,debate,agent_4_round_2->agent_3_round_3,edge,[],3,29.625244,debate_allgather_pressure_meso,debate_allgather_pressure_meso_20260603_152251_329250
agent_4_round_2->agent_2_round_3,edge,all_gather_r3,[],debate_round,0.0,29.625359,False,0,debate,agent_4_round_2->agent_2_round_3,edge,[],3,29.625359,debate_allgather_pressure_meso,debate_allgather_pressure_meso_20260603_152251_329250
agent_6_round_2->agent_1_round_3,edge,all_gather_r3,[],debate_round,0.0,29.625468,False,0,debate,agent_6_round_2->agent_1_round_3,edge,[],3,29.625468,debate_allgather_pressure_meso,debate_allgather_pressure_meso_20260603_152251_329250
agent_1_round_2->agent_5_round_3,edge,all_gather_r3,[],debate_round,0.0,29.625616,False,0,debate,agent_1_round_2->agent_5_round_3,edge,[],3,29.625616,debate_allgather_pressure_meso,debate_allgather_pressure_meso_20260603_152251_329250
agent_2_round_2->agent_5_round_3,edge,all_gather_r3,[],debate_round,0.0,29.62598,False,0,debate,agent_2_round_2->agent_5_round_3,edge,[],3,29.62598,debate_allgather_pressure_meso,debate_allgather_pressure_meso_20260603_152251_329250
agent_5_round_2->agent_2_round_3,edge,all_gather_r3,[],debate_round,0.0,29.626075,False,0,debate,agent_5_round_2->agent_2_round_3,edge,[],3,29.626075,debate_allgather_pressure_meso,debate_allgather_pressure_meso_20260603_152251_329250
agent_5_round_2->agent_3_round_3,edge,all_gather_r3,[],debate_round,0.0,29.626273,False,0,debate,agent_5_round_2->agent_3_round_3,edge,[],3,29.626273,debate_allgather_pressure_meso,debate_allgather_pressure_meso_20260603_152251_329250
agent_2_round_2->agent_4_round_3,edge,all_gather_r3,[],debate_round,0.0,29.626405,False,0,debate,agent_2_round_2->agent_4_round_3,edge,[],3,29.626405,debate_allgather_pressure_meso,debate_allgather_pressure_meso_20260603_152251_329250
agent_6_round_2->agent_2_round_3,edge,all_gather_r3,[],debate_round,0.0,29.626522,False,0,debate,agent_6_round_2->agent_2_round_3,edge,[],3,29.626522,debate_allgather_pressure_meso,debate_allgather_pressure_meso_20260603_152251_329250
agent_3_round_2->agent_5_round_3,edge,all_gather_r3,[],debate_round,0.0,29.62661,False,0,debate,agent_3_round_2->agent_5_round_3,edge,[],3,29.62661,debate_allgather_pressure_meso,debate_allgather_pressure_meso_20260603_152251_329250
agent_3_round_2->agent_4_round_3,edge,all_gather_r3,[],debate_round,0.0,29.626744,False,0,debate,agent_3_round_2->agent_4_round_3,edge,[],3,29.626744,debate_allgather_pressure_meso,debate_allgather_pressure_meso_20260603_152251_329250
agent_1_round_2->agent_6_round_3,edge,all_gather_r3,[],debate_round,0.0,29.626884,False,0,debate,agent_1_round_2->agent_6_round_3,edge,[],3,29.626884,debate_allgather_pressure_meso,debate_allgather_pressure_meso_20260603_152251_329250
agent_4_round_2->agent_5_round_3,edge,all_gather_r3,[],debate_round,0.0,29.627229,False,0,debate,agent_4_round_2->agent_5_round_3,edge,[],3,29.627229,debate_allgather_pressure_meso,debate_allgather_pressure_meso_20260603_152251_329250
agent_4_round_2->agent_4_round_3,edge,all_gather_r3,[],debate_round,0.0,29.627349,False,0,debate,agent_4_round_2->agent_4_round_3,edge,[],3,29.627349,debate_allgather_pressure_meso,debate_allgather_pressure_meso_20260603_152251_329250
agent_2_round_2->agent_6_round_3,edge,all_gather_r3,[],debate_round,0.0,29.627501,False,0,debate,agent_2_round_2->agent_6_round_3,edge,[],3,29.627501,debate_allgather_pressure_meso,debate_allgather_pressure_meso_20260603_152251_329250
agent_5_round_2->agent_5_round_3,edge,all_gather_r3,[],debate_round,0.0,29.627645,False,0,debate,agent_5_round_2->agent_5_round_3,edge,[],3,29.627645,debate_allgather_pressure_meso,debate_allgather_pressure_meso_20260603_152251_329250
agent_5_round_2->agent_4_round_3,edge,all_gather_r3,[],debate_round,0.0,29.627764,False,0,debate,agent_5_round_2->agent_4_round_3,edge,[],3,29.627764,debate_allgather_pressure_meso,debate_allgather_pressure_meso_20260603_152251_329250
agent_6_round_2->agent_3_round_3,edge,all_gather_r3,[],debate_round,0.0,29.627888,False,0,debate,agent_6_round_2->agent_3_round_3,edge,[],3,29.627888,debate_allgather_pressure_meso,debate_allgather_pressure_meso_20260603_152251_329250
agent_6_round_2->agent_5_round_3,edge,all_gather_r3,[],debate_round,0.0,29.627967,False,0,debate,agent_6_round_2->agent_5_round_3,edge,[],3,29.627967,debate_allgather_pressure_meso,debate_allgather_pressure_meso_20260603_152251_329250
agent_6_round_2->agent_4_round_3,edge,all_gather_r3,[],debate_round,0.0,29.62808,False,0,debate,agent_6_round_2->agent_4_round_3,edge,[],3,29.62808,debate_allgather_pressure_meso,debate_allgather_pressure_meso_20260603_152251_329250
agent_3_round_2->agent_6_round_3,edge,all_gather_r3,[],debate_round,0.0,29.628206,False,0,debate,agent_3_round_2->agent_6_round_3,edge,[],3,29.628206,debate_allgather_pressure_meso,debate_allgather_pressure_meso_20260603_152251_329250
agent_4_round_2->agent_6_round_3,edge,all_gather_r3,[],debate_round,0.0,29.628567,False,0,debate,agent_4_round_2->agent_6_round_3,edge,[],3,29.628567,debate_allgather_pressure_meso,debate_allgather_pressure_meso_20260603_152251_329250
agent_5_round_2->agent_6_round_3,edge,all_gather_r3,[],debate_round,0.0,29.62895,False,0,debate,agent_5_round_2->agent_6_round_3,edge,[],3,29.62895,debate_allgather_pressure_meso,debate_allgather_pressure_meso_20260603_152251_329250
agent_6_round_2->agent_6_round_3,edge,all_gather_r3,[],debate_round,0.0,29.629484,False,0,debate,agent_6_round_2->agent_6_round_3,edge,[],3,29.629484,debate_allgather_pressure_meso,debate_allgather_pressure_meso_20260603_152251_329250
agent_1_round_3,peer_agent,all_gather_r3,"[""consensus_reviewer""]",debate_round,7.917377,37.567272,False,0,debate,agent_1_round_3,peer_agent,"[""agent_1_round_2"", ""agent_2_round_2"", ""agent_3_round_2"", ""agent_4_round_2"", ""agent_5_round_2"", ""agent_6_round_2""]",3,29.649895,debate_allgather_pressure_meso,debate_allgather_pressure_meso_20260603_152251_329250
agent_4_round_3,peer_agent,all_gather_r3,"[""consensus_reviewer""]",debate_round,7.946748,37.598072,False,0,debate,agent_4_round_3,peer_agent,"[""agent_1_round_2"", ""agent_2_round_2"", ""agent_3_round_2"", ""agent_4_round_2"", ""agent_5_round_2"", ""agent_6_round_2""]",3,29.651324000000002,debate_allgather_pressure_meso,debate_allgather_pressure_meso_20260603_152251_329250
agent_2_round_3,peer_agent,all_gather_r3,"[""consensus_reviewer""]",debate_round,7.978782,37.628166,False,0,debate,agent_2_round_3,peer_agent,"[""agent_1_round_2"", ""agent_2_round_2"", ""agent_3_round_2"", ""agent_4_round_2"", ""agent_5_round_2"", ""agent_6_round_2""]",3,29.649384,debate_allgather_pressure_meso,debate_allgather_pressure_meso_20260603_152251_329250
agent_5_round_3,peer_agent,all_gather_r3,"[""consensus_reviewer""]",debate_round,7.991171,37.641552,False,0,debate,agent_5_round_3,peer_agent,"[""agent_1_round_2"", ""agent_2_round_2"", ""agent_3_round_2"", ""agent_4_round_2"", ""agent_5_round_2"", ""agent_6_round_2""]",3,29.650380999999996,debate_allgather_pressure_meso,debate_allgather_pressure_meso_20260603_152251_329250
agent_3_round_3,peer_agent,all_gather_r3,"[""consensus_reviewer""]",debate_round,8.022603,37.673445,False,0,debate,agent_3_round_3,peer_agent,"[""agent_1_round_2"", ""agent_2_round_2"", ""agent_3_round_2"", ""agent_4_round_2"", ""agent_5_round_2"", ""agent_6_round_2""]",3,29.650842,debate_allgather_pressure_meso,debate_allgather_pressure_meso_20260603_152251_329250
agent_6_round_3,peer_agent,all_gather_r3,"[""consensus_reviewer""]",debate_round,8.046882,37.700748,False,0,debate,agent_6_round_3,peer_agent,"[""agent_1_round_2"", ""agent_2_round_2"", ""agent_3_round_2"", ""agent_4_round_2"", ""agent_5_round_2"", ""agent_6_round_2""]",3,29.653865999999997,debate_allgather_pressure_meso,debate_allgather_pressure_meso_20260603_152251_329250
all_gather_barrier_r3,barrier,,[],debate_round,0.0,37.70286,False,0,debate,all_gather_barrier_r3,barrier,[],3,37.70286,debate_allgather_pressure_meso,debate_allgather_pressure_meso_20260603_152251_329250
consensus_reviewer,reviewer,,"[""finalizer""]",fan_in,5.822041,43.541886,True,0,debate,consensus_reviewer,reviewer,"[""agent_1_round_3"", ""agent_2_round_3"", ""agent_3_round_3"", ""agent_4_round_3"", ""agent_5_round_3"", ""agent_6_round_3""]",,37.719845,debate_allgather_pressure_meso,debate_allgather_pressure_meso_20260603_152251_329250
consensus_reviewer->finalizer,edge,,[],fan_in,0.0,43.542213,False,0,debate,consensus_reviewer->finalizer,edge,[],,43.542213,debate_allgather_pressure_meso,debate_allgather_pressure_meso_20260603_152251_329250
finalizer,finalizer,,[],sequential,5.619784,49.166086,True,0,debate,finalizer,finalizer,"[""consensus_reviewer""]",,43.546302,debate_allgather_pressure_meso,debate_allgather_pressure_meso_20260603_152251_329250
finalizer->END,edge,,[],fan_in,0.0,49.166464,False,0,debate,finalizer->END,edge,[],,49.166464,debate_allgather_pressure_meso,debate_allgather_pressure_meso_20260603_152251_329250
planner,planner,,"[""doc_searcher"", ""repo_searcher"", ""searcher"", ""tool_agent""]",sequential,5.553667,5.563833,True,0,independent_multi_branch,planner,planner,"[""START""]",,0.010165999999999897,evidence_collection,evidence_collection_20260603_152058_347660
planner->searcher,edge,evidence_collectors,[],debate_round,0.0,5.564129,False,0,independent_multi_branch,planner->searcher,edge,[],,5.564129,evidence_collection,evidence_collection_20260603_152058_347660
planner->repo_searcher,edge,evidence_collectors,[],debate_round,0.0,5.564384,False,0,independent_multi_branch,planner->repo_searcher,edge,[],,5.564384,evidence_collection,evidence_collection_20260603_152058_347660
planner->doc_searcher,edge,evidence_collectors,[],debate_round,0.0,5.564627,False,0,independent_multi_branch,planner->doc_searcher,edge,[],,5.564627,evidence_collection,evidence_collection_20260603_152058_347660
planner->tool_agent,edge,evidence_collectors,[],debate_round,0.0,5.564875,False,0,independent_multi_branch,planner->tool_agent,edge,[],,5.564875,evidence_collection,evidence_collection_20260603_152058_347660
tool_agent_search,tool,,[],tool_dependency,2.824002,8.400576,False,0,independent_multi_branch,tool_agent_search,tool,[],,5.576573999999999,evidence_collection,evidence_collection_20260603_152058_347660
searcher_search,tool,,[],tool_dependency,2.876382,8.446101,False,0,independent_multi_branch,searcher_search,tool,[],,5.569719000000001,evidence_collection,evidence_collection_20260603_152058_347660
repo_searcher_search,tool,,[],tool_dependency,3.198256,8.767507,False,0,independent_multi_branch,repo_searcher_search,tool,[],,5.5692509999999995,evidence_collection,evidence_collection_20260603_152058_347660
doc_searcher_search,tool,,[],tool_dependency,3.207161,8.778036,False,0,independent_multi_branch,doc_searcher_search,tool,[],,5.570875,evidence_collection,evidence_collection_20260603_152058_347660
tool_agent,tool_agent,evidence_collectors,"[""evidence_merge""]",sequential,6.218331,14.62892,False,0,independent_multi_branch,tool_agent,tool_agent,"[""planner""]",,8.410589000000002,evidence_collection,evidence_collection_20260603_152058_347660
tool_agent->evidence_merge,edge,evidence_collectors,[],fan_in,0.0,14.62908,False,0,independent_multi_branch,tool_agent->evidence_merge,edge,[],,14.62908,evidence_collection,evidence_collection_20260603_152058_347660
searcher,searcher,evidence_collectors,"[""evidence_merge""]",sequential,6.187526,14.642566,False,0,independent_multi_branch,searcher,searcher,"[""planner""]",,8.45504,evidence_collection,evidence_collection_20260603_152058_347660
searcher->evidence_merge,edge,evidence_collectors,[],fan_in,0.0,14.642892,False,0,independent_multi_branch,searcher->evidence_merge,edge,[],,14.642892,evidence_collection,evidence_collection_20260603_152058_347660
repo_searcher,repo_searcher,evidence_collectors,"[""evidence_merge""]",sequential,6.07579,14.850598,False,0,independent_multi_branch,repo_searcher,repo_searcher,"[""planner""]",,8.774808,evidence_collection,evidence_collection_20260603_152058_347660
doc_searcher,doc_searcher,evidence_collectors,"[""evidence_merge""]",sequential,6.064713,14.850759,False,0,independent_multi_branch,doc_searcher,doc_searcher,"[""planner""]",,8.786045999999999,evidence_collection,evidence_collection_20260603_152058_347660
repo_searcher->evidence_merge,edge,evidence_collectors,[],fan_in,0.0,14.850935,False,0,independent_multi_branch,repo_searcher->evidence_merge,edge,[],,14.850935,evidence_collection,evidence_collection_20260603_152058_347660
doc_searcher->evidence_merge,edge,evidence_collectors,[],fan_in,0.0,14.851115,False,0,independent_multi_branch,doc_searcher->evidence_merge,edge,[],,14.851115,evidence_collection,evidence_collection_20260603_152058_347660
evidence_merge_barrier,barrier,,[],sequential,0.0,14.8522,False,0,independent_multi_branch,evidence_merge_barrier,barrier,[],,14.8522,evidence_collection,evidence_collection_20260603_152058_347660
evidence_metrics,manager,,[],sequential,0.0,14.856402,False,0,independent_multi_branch,evidence_metrics,manager,[],,14.856402,evidence_collection,evidence_collection_20260603_152058_347660
evidence_merge,aggregator,,"[""finalizer""]",fan_in,5.673232,20.536934,True,0,independent_multi_branch,evidence_merge,aggregator,"[""searcher"", ""repo_searcher"", ""doc_searcher"", ""tool_agent""]",,14.863702,evidence_collection,evidence_collection_20260603_152058_347660
evidence_merge->finalizer,edge,,[],fan_in,0.0,20.537132,False,0,independent_multi_branch,evidence_merge->finalizer,edge,[],,20.537132,evidence_collection,evidence_collection_20260603_152058_347660
finalizer,finalizer,,[],sequential,5.603313,26.142086,True,0,independent_multi_branch,finalizer,finalizer,"[""evidence_merge""]",,20.538773,evidence_collection,evidence_collection_20260603_152058_347660
finalizer->END,edge,,[],fan_in,0.0,26.142253,False,0,independent_multi_branch,finalizer->END,edge,[],,26.142253,evidence_collection,evidence_collection_20260603_152058_347660
hier_web_context_search,tool,,"[""hier_planner""]",tool_dependency,3.007145,3.046989,False,0,manager_worker,hier_web_context_search,tool,"[""START""]",,0.03984399999999999,hierarchical_synthesis_pressure_meso,hierarchical_synthesis_pressure_meso_20260603_152341_398008
hier_planner,planner,,"[""group_1_agent_1"", ""group_1_agent_2"", ""group_1_agent_3"", ""group_1_agent_4"", ""group_2_agent_1"", ""group_2_agent_2"", ""group_2_agent_3"", ""group_2_agent_4"", ""group_3_agent_1"", ""group_3_agent_2"", ""group_3_agent_3"", ""group_3_agent_4"", ""group_4_agent_1"", ""group_4_agent_2"", ""group_4_agent_3"", ""group_4_agent_4""]",sequential,5.649928,8.706775,True,0,manager_worker,hier_planner,planner,"[""hier_web_context_search""]",,3.0568470000000003,hierarchical_synthesis_pressure_meso,hierarchical_synthesis_pressure_meso_20260603_152341_398008
group_2_agent_1,researcher,group_2_agents,"[""group_2_synth""]",sequential,7.830922,16.595274,False,0,manager_worker,group_2_agent_1,researcher,"[""hier_planner""]",,8.764351999999999,hierarchical_synthesis_pressure_meso,hierarchical_synthesis_pressure_meso_20260603_152341_398008
group_2_agent_1->group_2_synth,edge,group_2_agents,[],fan_in,0.0,16.595686,False,0,manager_worker,group_2_agent_1->group_2_synth,edge,[],,16.595686,hierarchical_synthesis_pressure_meso,hierarchical_synthesis_pressure_meso_20260603_152341_398008
group_1_agent_3,researcher,group_1_agents,"[""group_1_synth""]",sequential,7.861126,16.627545,False,0,manager_worker,group_1_agent_3,researcher,"[""hier_planner""]",,8.766419000000003,hierarchical_synthesis_pressure_meso,hierarchical_synthesis_pressure_meso_20260603_152341_398008
group_1_agent_3->group_1_synth,edge,group_1_agents,[],fan_in,0.0,16.627883,False,0,manager_worker,group_1_agent_3->group_1_synth,edge,[],,16.627883,hierarchical_synthesis_pressure_meso,hierarchical_synthesis_pressure_meso_20260603_152341_398008
group_2_agent_2,researcher,group_2_agents,"[""group_2_synth""]",sequential,7.872717,16.644365,False,0,manager_worker,group_2_agent_2,researcher,"[""hier_planner""]",,8.771648,hierarchical_synthesis_pressure_meso,hierarchical_synthesis_pressure_meso_20260603_152341_398008
group_2_agent_2->group_2_synth,edge,group_2_agents,[],fan_in,0.0,16.644684,False,0,manager_worker,group_2_agent_2->group_2_synth,edge,[],,16.644684,hierarchical_synthesis_pressure_meso,hierarchical_synthesis_pressure_meso_20260603_152341_398008
group_3_agent_1,researcher,group_3_agents,"[""group_3_synth""]",sequential,7.896904,16.666108,False,0,manager_worker,group_3_agent_1,researcher,"[""hier_planner""]",,8.769204000000002,hierarchical_synthesis_pressure_meso,hierarchical_synthesis_pressure_meso_20260603_152341_398008
group_4_agent_3,researcher,group_4_agents,"[""group_4_synth""]",sequential,7.88627,16.666297,False,0,manager_worker,group_4_agent_3,researcher,"[""hier_planner""]",,8.780027,hierarchical_synthesis_pressure_meso,hierarchical_synthesis_pressure_meso_20260603_152341_398008
group_4_agent_4,researcher,group_4_agents,"[""group_4_synth""]",sequential,7.881305,16.666721,False,0,manager_worker,group_4_agent_4,researcher,"[""hier_planner""]",,8.785415999999998,hierarchical_synthesis_pressure_meso,hierarchical_synthesis_pressure_meso_20260603_152341_398008
group_4_agent_3->group_4_synth,edge,group_4_agents,[],fan_in,0.0,16.667026,False,0,manager_worker,group_4_agent_3->group_4_synth,edge,[],,16.667026,hierarchical_synthesis_pressure_meso,hierarchical_synthesis_pressure_meso_20260603_152341_398008
group_4_agent_4->group_4_synth,edge,group_4_agents,[],fan_in,0.0,16.667312,False,0,manager_worker,group_4_agent_4->group_4_synth,edge,[],,16.667312,hierarchical_synthesis_pressure_meso,hierarchical_synthesis_pressure_meso_20260603_152341_398008
group_3_agent_1->group_3_synth,edge,group_3_agents,[],fan_in,0.0,16.667602,False,0,manager_worker,group_3_agent_1->group_3_synth,edge,[],,16.667602,hierarchical_synthesis_pressure_meso,hierarchical_synthesis_pressure_meso_20260603_152341_398008
group_3_agent_3,researcher,group_3_agents,"[""group_3_synth""]",sequential,7.885733,16.668599,False,0,manager_worker,group_3_agent_3,researcher,"[""hier_planner""]",,8.782866,hierarchical_synthesis_pressure_meso,hierarchical_synthesis_pressure_meso_20260603_152341_398008
group_3_agent_3->group_3_synth,edge,group_3_agents,[],fan_in,0.0,16.669209,False,0,manager_worker,group_3_agent_3->group_3_synth,edge,[],,16.669209,hierarchical_synthesis_pressure_meso,hierarchical_synthesis_pressure_meso_20260603_152341_398008
group_2_agent_4,researcher,group_2_agents,"[""group_2_synth""]",sequential,7.900938,16.68252,False,0,manager_worker,group_2_agent_4,researcher,"[""hier_planner""]",,8.781582,hierarchical_synthesis_pressure_meso,hierarchical_synthesis_pressure_meso_20260603_152341_398008
group_3_agent_2,researcher,group_3_agents,"[""group_3_synth""]",sequential,7.904808,16.682662,False,0,manager_worker,group_3_agent_2,researcher,"[""hier_planner""]",,8.777854000000001,hierarchical_synthesis_pressure_meso,hierarchical_synthesis_pressure_meso_20260603_152341_398008
group_2_agent_3,researcher,group_2_agents,"[""group_2_synth""]",sequential,7.903091,16.682841,False,0,manager_worker,group_2_agent_3,researcher,"[""hier_planner""]",,8.77975,hierarchical_synthesis_pressure_meso,hierarchical_synthesis_pressure_meso_20260603_152341_398008
group_4_agent_2,researcher,group_4_agents,"[""group_4_synth""]",sequential,7.899284,16.683043,False,0,manager_worker,group_4_agent_2,researcher,"[""hier_planner""]",,8.783759000000002,hierarchical_synthesis_pressure_meso,hierarchical_synthesis_pressure_meso_20260603_152341_398008
group_2_agent_4->group_2_synth,edge,group_2_agents,[],fan_in,0.0,16.68321,False,0,manager_worker,group_2_agent_4->group_2_synth,edge,[],,16.68321,hierarchical_synthesis_pressure_meso,hierarchical_synthesis_pressure_meso_20260603_152341_398008
group_3_agent_2->group_3_synth,edge,group_3_agents,[],fan_in,0.0,16.683441,False,0,manager_worker,group_3_agent_2->group_3_synth,edge,[],,16.683441,hierarchical_synthesis_pressure_meso,hierarchical_synthesis_pressure_meso_20260603_152341_398008
group_2_agent_3->group_2_synth,edge,group_2_agents,[],fan_in,0.0,16.683692,False,0,manager_worker,group_2_agent_3->group_2_synth,edge,[],,16.683692,hierarchical_synthesis_pressure_meso,hierarchical_synthesis_pressure_meso_20260603_152341_398008
group_4_agent_2->group_4_synth,edge,group_4_agents,[],fan_in,0.0,16.68382,False,0,manager_worker,group_4_agent_2->group_4_synth,edge,[],,16.68382,hierarchical_synthesis_pressure_meso,hierarchical_synthesis_pressure_meso_20260603_152341_398008
group_2_barrier,barrier,,[],sequential,0.0,16.68479,False,0,manager_worker,group_2_barrier,barrier,[],,16.68479,hierarchical_synthesis_pressure_meso,hierarchical_synthesis_pressure_meso_20260603_152341_398008
group_1_agent_4,researcher,group_1_agents,"[""group_1_synth""]",sequential,7.906843,16.685708,False,0,manager_worker,group_1_agent_4,researcher,"[""hier_planner""]",,8.778865000000001,hierarchical_synthesis_pressure_meso,hierarchical_synthesis_pressure_meso_20260603_152341_398008
group_1_agent_4->group_1_synth,edge,group_1_agents,[],fan_in,0.0,16.686454,False,0,manager_worker,group_1_agent_4->group_1_synth,edge,[],,16.686454,hierarchical_synthesis_pressure_meso,hierarchical_synthesis_pressure_meso_20260603_152341_398008
group_3_agent_4,researcher,group_3_agents,"[""group_3_synth""]",sequential,7.910533,16.692956,False,0,manager_worker,group_3_agent_4,researcher,"[""hier_planner""]",,8.782422999999998,hierarchical_synthesis_pressure_meso,hierarchical_synthesis_pressure_meso_20260603_152341_398008
group_1_agent_2,researcher,group_1_agents,"[""group_1_synth""]",sequential,7.929922,16.693127,False,0,manager_worker,group_1_agent_2,researcher,"[""hier_planner""]",,8.763205,hierarchical_synthesis_pressure_meso,hierarchical_synthesis_pressure_meso_20260603_152341_398008
group_3_agent_4->group_3_synth,edge,group_3_agents,[],fan_in,0.0,16.693295,False,0,manager_worker,group_3_agent_4->group_3_synth,edge,[],,16.693295,hierarchical_synthesis_pressure_meso,hierarchical_synthesis_pressure_meso_20260603_152341_398008
group_1_agent_2->group_1_synth,edge,group_1_agents,[],fan_in,0.0,16.693547,False,0,manager_worker,group_1_agent_2->group_1_synth,edge,[],,16.693547,hierarchical_synthesis_pressure_meso,hierarchical_synthesis_pressure_meso_20260603_152341_398008
group_3_barrier,barrier,,[],sequential,0.0,16.694553,False,0,manager_worker,group_3_barrier,barrier,[],,16.694553,hierarchical_synthesis_pressure_meso,hierarchical_synthesis_pressure_meso_20260603_152341_398008
group_1_agent_1,researcher,group_1_agents,"[""group_1_synth""]",sequential,7.928082,16.701354,False,0,manager_worker,group_1_agent_1,researcher,"[""hier_planner""]",,8.773271999999999,hierarchical_synthesis_pressure_meso,hierarchical_synthesis_pressure_meso_20260603_152341_398008
group_4_agent_1,researcher,group_4_agents,"[""group_4_synth""]",sequential,7.91843,16.701754,False,0,manager_worker,group_4_agent_1,researcher,"[""hier_planner""]",,8.783324,hierarchical_synthesis_pressure_meso,hierarchical_synthesis_pressure_meso_20260603_152341_398008
group_1_agent_1->group_1_synth,edge,group_1_agents,[],fan_in,0.0,16.702697,False,0,manager_worker,group_1_agent_1->group_1_synth,edge,[],,16.702697,hierarchical_synthesis_pressure_meso,hierarchical_synthesis_pressure_meso_20260603_152341_398008
group_4_agent_1->group_4_synth,edge,group_4_agents,[],fan_in,0.0,16.702956,False,0,manager_worker,group_4_agent_1->group_4_synth,edge,[],,16.702956,hierarchical_synthesis_pressure_meso,hierarchical_synthesis_pressure_meso_20260603_152341_398008
group_1_barrier,barrier,,[],sequential,0.0,16.704146,False,0,manager_worker,group_1_barrier,barrier,[],,16.704146,hierarchical_synthesis_pressure_meso,hierarchical_synthesis_pressure_meso_20260603_152341_398008
group_4_barrier,barrier,,[],sequential,0.0,16.704693,False,0,manager_worker,group_4_barrier,barrier,[],,16.704693,hierarchical_synthesis_pressure_meso,hierarchical_synthesis_pressure_meso_20260603_152341_398008
group_3_synth,synthesizer,,"[""cross_group_reviewer""]",fan_in,6.59834,23.311971,False,0,manager_worker,group_3_synth,synthesizer,"[""group_3_agent_1"", ""group_3_agent_2"", ""group_3_agent_3"", ""group_3_agent_4""]",,16.713631,hierarchical_synthesis_pressure_meso,hierarchical_synthesis_pressure_meso_20260603_152341_398008
group_3_synth->cross_group_reviewer,edge,,[],fan_in,0.0,23.312306,False,0,manager_worker,group_3_synth->cross_group_reviewer,edge,[],,23.312306,hierarchical_synthesis_pressure_meso,hierarchical_synthesis_pressure_meso_20260603_152341_398008
group_2_synth,synthesizer,,"[""cross_group_reviewer""]",fan_in,6.61172,23.326703,False,0,manager_worker,group_2_synth,synthesizer,"[""group_2_agent_1"", ""group_2_agent_2"", ""group_2_agent_3"", ""group_2_agent_4""]",,16.714982999999997,hierarchical_synthesis_pressure_meso,hierarchical_synthesis_pressure_meso_20260603_152341_398008
group_2_synth->cross_group_reviewer,edge,,[],fan_in,0.0,23.327024,False,0,manager_worker,group_2_synth->cross_group_reviewer,edge,[],,23.327024,hierarchical_synthesis_pressure_meso,hierarchical_synthesis_pressure_meso_20260603_152341_398008
group_1_synth,synthesizer,,"[""cross_group_reviewer""]",fan_in,6.617526,23.341612,False,0,manager_worker,group_1_synth,synthesizer,"[""group_1_agent_1"", ""group_1_agent_2"", ""group_1_agent_3"", ""group_1_agent_4""]",,16.724086,hierarchical_synthesis_pressure_meso,hierarchical_synthesis_pressure_meso_20260603_152341_398008
group_1_synth->cross_group_reviewer,edge,,[],fan_in,0.0,23.341932,False,0,manager_worker,group_1_synth->cross_group_reviewer,edge,[],,23.341932,hierarchical_synthesis_pressure_meso,hierarchical_synthesis_pressure_meso_20260603_152341_398008
group_4_synth,synthesizer,,"[""cross_group_reviewer""]",fan_in,6.630658,23.355264,False,0,manager_worker,group_4_synth,synthesizer,"[""group_4_agent_1"", ""group_4_agent_2"", ""group_4_agent_3"", ""group_4_agent_4""]",,16.724605999999998,hierarchical_synthesis_pressure_meso,hierarchical_synthesis_pressure_meso_20260603_152341_398008
group_4_synth->cross_group_reviewer,edge,,[],fan_in,0.0,23.355602,False,0,manager_worker,group_4_synth->cross_group_reviewer,edge,[],,23.355602,hierarchical_synthesis_pressure_meso,hierarchical_synthesis_pressure_meso_20260603_152341_398008
cross_group_barrier,barrier,,[],sequential,0.0,23.35656,False,0,manager_worker,cross_group_barrier,barrier,[],,23.35656,hierarchical_synthesis_pressure_meso,hierarchical_synthesis_pressure_meso_20260603_152341_398008
cross_group_reviewer,reviewer,,"[""global_synthesizer""]",fan_in,5.705863,29.075024,True,0,manager_worker,cross_group_reviewer,reviewer,"[""group_1_synth"", ""group_2_synth"", ""group_3_synth"", ""group_4_synth""]",,23.369161,hierarchical_synthesis_pressure_meso,hierarchical_synthesis_pressure_meso_20260603_152341_398008
global_synthesizer,finalizer,,[],sequential,5.567455,34.64869,True,0,manager_worker,global_synthesizer,finalizer,"[""cross_group_reviewer""]",,29.081235000000003,hierarchical_synthesis_pressure_meso,hierarchical_synthesis_pressure_meso_20260603_152341_398008
hybrid_manager_r0,manager,,"[""hybrid_agent_api_doc_mr0"", ""hybrid_agent_code_localization_mr0"", ""hybrid_agent_issue_triage_mr0"", ""hybrid_agent_repo_search_mr0""]",sequential,5.588359,5.599108,True,0,hybrid_manager_peer,hybrid_manager_r0,manager,"[""START""]",0,0.010749000000000564,hybrid,hybrid_20260603_152755_367539
hybrid_manager_r0->hybrid_agent_issue_triage_mr0,edge,,[],debate_round,0.0,5.599329,False,0,hybrid_manager_peer,hybrid_manager_r0->hybrid_agent_issue_triage_mr0,edge,[],0,5.599329,hybrid,hybrid_20260603_152755_367539
hybrid_manager_r0->hybrid_agent_repo_search_mr0,edge,,[],debate_round,0.0,5.599397,False,0,hybrid_manager_peer,hybrid_manager_r0->hybrid_agent_repo_search_mr0,edge,[],0,5.599397,hybrid,hybrid_20260603_152755_367539
hybrid_manager_r0->hybrid_agent_code_localization_mr0,edge,,[],debate_round,0.0,5.599456,False,0,hybrid_manager_peer,hybrid_manager_r0->hybrid_agent_code_localization_mr0,edge,[],0,5.599456,hybrid,hybrid_20260603_152755_367539
hybrid_manager_r0->hybrid_agent_api_doc_mr0,edge,,[],debate_round,0.0,5.599517,False,0,hybrid_manager_peer,hybrid_manager_r0->hybrid_agent_api_doc_mr0,edge,[],0,5.599517,hybrid,hybrid_20260603_152755_367539
hybrid_agent_api_doc_mr0_search,tool,,[],tool_dependency,2.303173,7.911927,False,0,hybrid_manager_peer,hybrid_agent_api_doc_mr0_search,tool,[],,5.608754,hybrid,hybrid_20260603_152755_367539
hybrid_agent_code_localization_mr0_search,tool,,[],tool_dependency,2.363652,7.971865,False,0,hybrid_manager_peer,hybrid_agent_code_localization_mr0_search,tool,[],,5.608213,hybrid,hybrid_20260603_152755_367539
hybrid_agent_issue_triage_mr0_search,tool,,[],tool_dependency,2.767833,8.371823,False,0,hybrid_manager_peer,hybrid_agent_issue_triage_mr0_search,tool,[],,5.60399,hybrid,hybrid_20260603_152755_367539
hybrid_agent_repo_search_mr0_search,tool,,[],tool_dependency,3.889176,9.494707,False,0,hybrid_manager_peer,hybrid_agent_repo_search_mr0_search,tool,[],,5.605531,hybrid,hybrid_20260603_152755_367539
hybrid_agent_code_localization_mr0,code_localization,hybrid_workers_mr0,"[""hybrid_agent_api_doc_mr0_pr1"", ""hybrid_agent_api_doc_mr0_pr2"", ""hybrid_agent_issue_triage_mr0_pr1"", ""hybrid_agent_issue_triage_mr0_pr2"", ""hybrid_agent_repo_search_mr0_pr1"", ""hybrid_agent_repo_search_mr0_pr2"", ""hybrid_manager_r1""]",debate_round,6.335974,14.317728,False,0,hybrid_manager_peer,hybrid_agent_code_localization_mr0,code_localization,"[""hybrid_manager_r0""]",0,7.9817540000000005,hybrid,hybrid_20260603_152755_367539
hybrid_agent_api_doc_mr0,api_doc,hybrid_workers_mr0,"[""hybrid_agent_code_localization_mr0_pr1"", ""hybrid_agent_code_localization_mr0_pr2"", ""hybrid_agent_issue_triage_mr0_pr1"", ""hybrid_agent_issue_triage_mr0_pr2"", ""hybrid_agent_repo_search_mr0_pr1"", ""hybrid_agent_repo_search_mr0_pr2"", ""hybrid_manager_r1""]",debate_round,6.394649,14.324801,False,0,hybrid_manager_peer,hybrid_agent_api_doc_mr0,api_doc,"[""hybrid_manager_r0""]",0,7.9301520000000005,hybrid,hybrid_20260603_152755_367539
hybrid_agent_issue_triage_mr0,issue_triage,hybrid_workers_mr0,"[""hybrid_agent_api_doc_mr0_pr1"", ""hybrid_agent_api_doc_mr0_pr2"", ""hybrid_agent_code_localization_mr0_pr1"", ""hybrid_agent_code_localization_mr0_pr2"", ""hybrid_agent_repo_search_mr0_pr1"", ""hybrid_agent_repo_search_mr0_pr2"", ""hybrid_manager_r1""]",debate_round,6.100342,14.479576,False,0,hybrid_manager_peer,hybrid_agent_issue_triage_mr0,issue_triage,"[""hybrid_manager_r0""]",0,8.379234,hybrid,hybrid_20260603_152755_367539
hybrid_agent_repo_search_mr0,repo_search,hybrid_workers_mr0,"[""hybrid_agent_api_doc_mr0_pr1"", ""hybrid_agent_api_doc_mr0_pr2"", ""hybrid_agent_code_localization_mr0_pr1"", ""hybrid_agent_code_localization_mr0_pr2"", ""hybrid_agent_issue_triage_mr0_pr1"", ""hybrid_agent_issue_triage_mr0_pr2"", ""hybrid_manager_r1""]",debate_round,5.957427,15.459772,False,0,hybrid_manager_peer,hybrid_agent_repo_search_mr0,repo_search,"[""hybrid_manager_r0""]",0,9.502344999999998,hybrid,hybrid_20260603_152755_367539
hybrid_agent_repo_search_mr0->hybrid_agent_issue_triage_mr0,edge,hybrid_peer_mr0_pr1,[],debate_round,0.0,15.462643,False,0,hybrid_manager_peer,hybrid_agent_repo_search_mr0->hybrid_agent_issue_triage_mr0,edge,[],1,15.462643,hybrid,hybrid_20260603_152755_367539
hybrid_agent_issue_triage_mr0->hybrid_agent_repo_search_mr0,edge,hybrid_peer_mr0_pr1,[],debate_round,0.0,15.462897,False,0,hybrid_manager_peer,hybrid_agent_issue_triage_mr0->hybrid_agent_repo_search_mr0,edge,[],1,15.462897,hybrid,hybrid_20260603_152755_367539
hybrid_agent_issue_triage_mr0->hybrid_agent_code_localization_mr0,edge,hybrid_peer_mr0_pr1,[],debate_round,0.0,15.463038,False,0,hybrid_manager_peer,hybrid_agent_issue_triage_mr0->hybrid_agent_code_localization_mr0,edge,[],1,15.463038,hybrid,hybrid_20260603_152755_367539
hybrid_agent_code_localization_mr0->hybrid_agent_issue_triage_mr0,edge,hybrid_peer_mr0_pr1,[],debate_round,0.0,15.463164,False,0,hybrid_manager_peer,hybrid_agent_code_localization_mr0->hybrid_agent_issue_triage_mr0,edge,[],1,15.463164,hybrid,hybrid_20260603_152755_367539
hybrid_agent_code_localization_mr0->hybrid_agent_repo_search_mr0,edge,hybrid_peer_mr0_pr1,[],debate_round,0.0,15.463292,False,0,hybrid_manager_peer,hybrid_agent_code_localization_mr0->hybrid_agent_repo_search_mr0,edge,[],1,15.463292,hybrid,hybrid_20260603_152755_367539
hybrid_agent_repo_search_mr0->hybrid_agent_code_localization_mr0,edge,hybrid_peer_mr0_pr1,[],debate_round,0.0,15.463404,False,0,hybrid_manager_peer,hybrid_agent_repo_search_mr0->hybrid_agent_code_localization_mr0,edge,[],1,15.463404,hybrid,hybrid_20260603_152755_367539
hybrid_agent_issue_triage_mr0->hybrid_agent_api_doc_mr0,edge,hybrid_peer_mr0_pr1,[],debate_round,0.0,15.46353,False,0,hybrid_manager_peer,hybrid_agent_issue_triage_mr0->hybrid_agent_api_doc_mr0,edge,[],1,15.46353,hybrid,hybrid_20260603_152755_367539
hybrid_agent_api_doc_mr0->hybrid_agent_issue_triage_mr0,edge,hybrid_peer_mr0_pr1,[],debate_round,0.0,15.463641,False,0,hybrid_manager_peer,hybrid_agent_api_doc_mr0->hybrid_agent_issue_triage_mr0,edge,[],1,15.463641,hybrid,hybrid_20260603_152755_367539
hybrid_agent_api_doc_mr0->hybrid_agent_code_localization_mr0,edge,hybrid_peer_mr0_pr1,[],debate_round,0.0,15.463801,False,0,hybrid_manager_peer,hybrid_agent_api_doc_mr0->hybrid_agent_code_localization_mr0,edge,[],1,15.463801,hybrid,hybrid_20260603_152755_367539
hybrid_agent_api_doc_mr0->hybrid_agent_repo_search_mr0,edge,hybrid_peer_mr0_pr1,[],debate_round,0.0,15.463965,False,0,hybrid_manager_peer,hybrid_agent_api_doc_mr0->hybrid_agent_repo_search_mr0,edge,[],1,15.463965,hybrid,hybrid_20260603_152755_367539
hybrid_agent_repo_search_mr0->hybrid_agent_api_doc_mr0,edge,hybrid_peer_mr0_pr1,[],debate_round,0.0,15.464162,False,0,hybrid_manager_peer,hybrid_agent_repo_search_mr0->hybrid_agent_api_doc_mr0,edge,[],1,15.464162,hybrid,hybrid_20260603_152755_367539
hybrid_agent_code_localization_mr0->hybrid_agent_api_doc_mr0,edge,hybrid_peer_mr0_pr1,[],debate_round,0.0,15.464559,False,0,hybrid_manager_peer,hybrid_agent_code_localization_mr0->hybrid_agent_api_doc_mr0,edge,[],1,15.464559,hybrid,hybrid_20260603_152755_367539
hybrid_agent_issue_triage_mr0_pr1,debate_agent,hybrid_peer_mr0_pr1,[],debate_round,6.42131,21.896048,False,0,hybrid_manager_peer,hybrid_agent_issue_triage_mr0_pr1,debate_agent,"[""hybrid_agent_repo_search_mr0"", ""hybrid_agent_code_localization_mr0"", ""hybrid_agent_api_doc_mr0""]",1,15.474738,hybrid,hybrid_20260603_152755_367539
hybrid_agent_api_doc_mr0_pr1,debate_agent,hybrid_peer_mr0_pr1,[],debate_round,6.431862,21.90781,False,0,hybrid_manager_peer,hybrid_agent_api_doc_mr0_pr1,debate_agent,"[""hybrid_agent_issue_triage_mr0"", ""hybrid_agent_repo_search_mr0"", ""hybrid_agent_code_localization_mr0""]",1,15.475948000000002,hybrid,hybrid_20260603_152755_367539
hybrid_agent_code_localization_mr0_pr1,debate_agent,hybrid_peer_mr0_pr1,[],debate_round,6.451485,21.922405,False,0,hybrid_manager_peer,hybrid_agent_code_localization_mr0_pr1,debate_agent,"[""hybrid_agent_issue_triage_mr0"", ""hybrid_agent_repo_search_mr0"", ""hybrid_agent_api_doc_mr0""]",1,15.470920000000001,hybrid,hybrid_20260603_152755_367539
hybrid_agent_repo_search_mr0_pr1,debate_agent,hybrid_peer_mr0_pr1,[],debate_round,6.45085,21.924984,False,0,hybrid_manager_peer,hybrid_agent_repo_search_mr0_pr1,debate_agent,"[""hybrid_agent_issue_triage_mr0"", ""hybrid_agent_code_localization_mr0"", ""hybrid_agent_api_doc_mr0""]",1,15.474134,hybrid,hybrid_20260603_152755_367539
hybrid_peer_barrier_mr0_pr1,barrier,,[],debate_round,0.0,21.926504,False,0,hybrid_manager_peer,hybrid_peer_barrier_mr0_pr1,barrier,[],1,21.926504,hybrid,hybrid_20260603_152755_367539
hybrid_agent_repo_search_mr0->hybrid_agent_issue_triage_mr0,edge,hybrid_peer_mr0_pr2,[],debate_round,0.0,21.927708,False,0,hybrid_manager_peer,hybrid_agent_repo_search_mr0->hybrid_agent_issue_triage_mr0,edge,[],2,21.927708,hybrid,hybrid_20260603_152755_367539
hybrid_agent_code_localization_mr0->hybrid_agent_issue_triage_mr0,edge,hybrid_peer_mr0_pr2,[],debate_round,0.0,21.92823,False,0,hybrid_manager_peer,hybrid_agent_code_localization_mr0->hybrid_agent_issue_triage_mr0,edge,[],2,21.92823,hybrid,hybrid_20260603_152755_367539
hybrid_agent_issue_triage_mr0->hybrid_agent_repo_search_mr0,edge,hybrid_peer_mr0_pr2,[],debate_round,0.0,21.928333,False,0,hybrid_manager_peer,hybrid_agent_issue_triage_mr0->hybrid_agent_repo_search_mr0,edge,[],2,21.928333,hybrid,hybrid_20260603_152755_367539
hybrid_agent_api_doc_mr0->hybrid_agent_issue_triage_mr0,edge,hybrid_peer_mr0_pr2,[],debate_round,0.0,21.928778,False,0,hybrid_manager_peer,hybrid_agent_api_doc_mr0->hybrid_agent_issue_triage_mr0,edge,[],2,21.928778,hybrid,hybrid_20260603_152755_367539
hybrid_agent_issue_triage_mr0->hybrid_agent_code_localization_mr0,edge,hybrid_peer_mr0_pr2,[],debate_round,0.0,21.929084,False,0,hybrid_manager_peer,hybrid_agent_issue_triage_mr0->hybrid_agent_code_localization_mr0,edge,[],2,21.929084,hybrid,hybrid_20260603_152755_367539
hybrid_agent_issue_triage_mr0->hybrid_agent_api_doc_mr0,edge,hybrid_peer_mr0_pr2,[],debate_round,0.0,21.929243,False,0,hybrid_manager_peer,hybrid_agent_issue_triage_mr0->hybrid_agent_api_doc_mr0,edge,[],2,21.929243,hybrid,hybrid_20260603_152755_367539
hybrid_agent_repo_search_mr0->hybrid_agent_api_doc_mr0,edge,hybrid_peer_mr0_pr2,[],debate_round,0.0,21.92946,False,0,hybrid_manager_peer,hybrid_agent_repo_search_mr0->hybrid_agent_api_doc_mr0,edge,[],2,21.92946,hybrid,hybrid_20260603_152755_367539
hybrid_agent_repo_search_mr0->hybrid_agent_code_localization_mr0,edge,hybrid_peer_mr0_pr2,[],debate_round,0.0,21.929612,False,0,hybrid_manager_peer,hybrid_agent_repo_search_mr0->hybrid_agent_code_localization_mr0,edge,[],2,21.929612,hybrid,hybrid_20260603_152755_367539
hybrid_agent_code_localization_mr0->hybrid_agent_api_doc_mr0,edge,hybrid_peer_mr0_pr2,[],debate_round,0.0,21.929769,False,0,hybrid_manager_peer,hybrid_agent_code_localization_mr0->hybrid_agent_api_doc_mr0,edge,[],2,21.929769,hybrid,hybrid_20260603_152755_367539
hybrid_agent_code_localization_mr0->hybrid_agent_repo_search_mr0,edge,hybrid_peer_mr0_pr2,[],debate_round,0.0,21.930029,False,0,hybrid_manager_peer,hybrid_agent_code_localization_mr0->hybrid_agent_repo_search_mr0,edge,[],2,21.930029,hybrid,hybrid_20260603_152755_367539
hybrid_agent_api_doc_mr0->hybrid_agent_code_localization_mr0,edge,hybrid_peer_mr0_pr2,[],debate_round,0.0,21.930463,False,0,hybrid_manager_peer,hybrid_agent_api_doc_mr0->hybrid_agent_code_localization_mr0,edge,[],2,21.930463,hybrid,hybrid_20260603_152755_367539
hybrid_agent_api_doc_mr0->hybrid_agent_repo_search_mr0,edge,hybrid_peer_mr0_pr2,[],debate_round,0.0,21.93081,False,0,hybrid_manager_peer,hybrid_agent_api_doc_mr0->hybrid_agent_repo_search_mr0,edge,[],2,21.93081,hybrid,hybrid_20260603_152755_367539
hybrid_agent_issue_triage_mr0_pr2,debate_agent,hybrid_peer_mr0_pr2,[],debate_round,6.417217,28.355615,False,0,hybrid_manager_peer,hybrid_agent_issue_triage_mr0_pr2,debate_agent,"[""hybrid_agent_repo_search_mr0"", ""hybrid_agent_code_localization_mr0"", ""hybrid_agent_api_doc_mr0""]",2,21.938398,hybrid,hybrid_20260603_152755_367539
hybrid_agent_code_localization_mr0_pr2,debate_agent,hybrid_peer_mr0_pr2,[],debate_round,6.427126,28.364786,False,0,hybrid_manager_peer,hybrid_agent_code_localization_mr0_pr2,debate_agent,"[""hybrid_agent_issue_triage_mr0"", ""hybrid_agent_repo_search_mr0"", ""hybrid_agent_api_doc_mr0""]",2,21.937659999999997,hybrid,hybrid_20260603_152755_367539
hybrid_agent_api_doc_mr0_pr2,debate_agent,hybrid_peer_mr0_pr2,[],debate_round,6.442706,28.378759,False,0,hybrid_manager_peer,hybrid_agent_api_doc_mr0_pr2,debate_agent,"[""hybrid_agent_issue_triage_mr0"", ""hybrid_agent_repo_search_mr0"", ""hybrid_agent_code_localization_mr0""]",2,21.936052999999998,hybrid,hybrid_20260603_152755_367539
hybrid_agent_repo_search_mr0_pr2,debate_agent,hybrid_peer_mr0_pr2,[],debate_round,6.438108,28.38157,False,0,hybrid_manager_peer,hybrid_agent_repo_search_mr0_pr2,debate_agent,"[""hybrid_agent_issue_triage_mr0"", ""hybrid_agent_code_localization_mr0"", ""hybrid_agent_api_doc_mr0""]",2,21.943462,hybrid,hybrid_20260603_152755_367539
hybrid_peer_barrier_mr0_pr2,barrier,,[],debate_round,0.0,28.382416,False,0,hybrid_manager_peer,hybrid_peer_barrier_mr0_pr2,barrier,[],2,28.382416,hybrid,hybrid_20260603_152755_367539
hybrid_agent_issue_triage_mr0->hybrid_manager_collect_r0,edge,,[],debate_round,0.0,28.38279,False,0,hybrid_manager_peer,hybrid_agent_issue_triage_mr0->hybrid_manager_collect_r0,edge,[],2,28.38279,hybrid,hybrid_20260603_152755_367539
hybrid_agent_repo_search_mr0->hybrid_manager_collect_r0,edge,,[],debate_round,0.0,28.382984,False,0,hybrid_manager_peer,hybrid_agent_repo_search_mr0->hybrid_manager_collect_r0,edge,[],2,28.382984,hybrid,hybrid_20260603_152755_367539
hybrid_agent_code_localization_mr0->hybrid_manager_collect_r0,edge,,[],debate_round,0.0,28.383149,False,0,hybrid_manager_peer,hybrid_agent_code_localization_mr0->hybrid_manager_collect_r0,edge,[],2,28.383149,hybrid,hybrid_20260603_152755_367539
hybrid_agent_api_doc_mr0->hybrid_manager_collect_r0,edge,,[],debate_round,0.0,28.383306,False,0,hybrid_manager_peer,hybrid_agent_api_doc_mr0->hybrid_manager_collect_r0,edge,[],2,28.383306,hybrid,hybrid_20260603_152755_367539
hybrid_manager_collect_r0,barrier,,[],debate_round,0.0,28.38338,False,0,hybrid_manager_peer,hybrid_manager_collect_r0,barrier,[],2,28.38338,hybrid,hybrid_20260603_152755_367539
hybrid_manager_r1,manager,,"[""hybrid_agent_issue_triage_mr1"", ""hybrid_agent_patch_planning_mr1"", ""hybrid_agent_repo_search_mr1"", ""hybrid_agent_test_reasoning_mr1""]",fan_in,5.669643,34.059902,True,0,hybrid_manager_peer,hybrid_manager_r1,manager,"[""hybrid_agent_issue_triage_mr0"", ""hybrid_agent_repo_search_mr0"", ""hybrid_agent_code_localization_mr0"", ""hybrid_agent_api_doc_mr0""]",1,28.390259,hybrid,hybrid_20260603_152755_367539
hybrid_manager_r1->hybrid_agent_test_reasoning_mr1,edge,,[],debate_round,0.0,34.060179,False,0,hybrid_manager_peer,hybrid_manager_r1->hybrid_agent_test_reasoning_mr1,edge,[],1,34.060179,hybrid,hybrid_20260603_152755_367539
hybrid_manager_r1->hybrid_agent_patch_planning_mr1,edge,,[],debate_round,0.0,34.060228,False,0,hybrid_manager_peer,hybrid_manager_r1->hybrid_agent_patch_planning_mr1,edge,[],1,34.060228,hybrid,hybrid_20260603_152755_367539
hybrid_manager_r1->hybrid_agent_repo_search_mr1,edge,,[],debate_round,0.0,34.060271,False,0,hybrid_manager_peer,hybrid_manager_r1->hybrid_agent_repo_search_mr1,edge,[],1,34.060271,hybrid,hybrid_20260603_152755_367539
hybrid_manager_r1->hybrid_agent_issue_triage_mr1,edge,,[],debate_round,0.0,34.060322,False,0,hybrid_manager_peer,hybrid_manager_r1->hybrid_agent_issue_triage_mr1,edge,[],1,34.060322,hybrid,hybrid_20260603_152755_367539
hybrid_agent_test_reasoning_mr1_search,tool,,[],tool_dependency,2.031631,36.100227,False,0,hybrid_manager_peer,hybrid_agent_test_reasoning_mr1_search,tool,[],,34.068596,hybrid,hybrid_20260603_152755_367539
hybrid_agent_patch_planning_mr1_search,tool,,[],tool_dependency,2.065855,36.13785,False,0,hybrid_manager_peer,hybrid_agent_patch_planning_mr1_search,tool,[],,34.071995,hybrid,hybrid_20260603_152755_367539
hybrid_agent_repo_search_mr1_search,tool,,[],tool_dependency,2.341688,36.414083,False,0,hybrid_manager_peer,hybrid_agent_repo_search_mr1_search,tool,[],,34.072395,hybrid,hybrid_20260603_152755_367539
hybrid_agent_issue_triage_mr1_search,tool,,[],tool_dependency,2.485865,36.56141,False,0,hybrid_manager_peer,hybrid_agent_issue_triage_mr1_search,tool,[],,34.075545000000005,hybrid,hybrid_20260603_152755_367539
hybrid_agent_test_reasoning_mr1,test_reasoning,hybrid_workers_mr1,"[""hybrid_agent_issue_triage_mr1_pr1"", ""hybrid_agent_issue_triage_mr1_pr2"", ""hybrid_agent_patch_planning_mr1_pr1"", ""hybrid_agent_patch_planning_mr1_pr2"", ""hybrid_agent_repo_search_mr1_pr1"", ""hybrid_agent_repo_search_mr1_pr2""]",debate_round,6.522437,42.632176,False,0,hybrid_manager_peer,hybrid_agent_test_reasoning_mr1,test_reasoning,"[""hybrid_manager_r1""]",1,36.109739000000005,hybrid,hybrid_20260603_152755_367539
hybrid_agent_patch_planning_mr1,patch_planning,hybrid_workers_mr1,"[""hybrid_agent_issue_triage_mr1_pr1"", ""hybrid_agent_issue_triage_mr1_pr2"", ""hybrid_agent_repo_search_mr1_pr1"", ""hybrid_agent_repo_search_mr1_pr2"", ""hybrid_agent_test_reasoning_mr1_pr1"", ""hybrid_agent_test_reasoning_mr1_pr2""]",debate_round,6.497172,42.647886,False,0,hybrid_manager_peer,hybrid_agent_patch_planning_mr1,patch_planning,"[""hybrid_manager_r1""]",1,36.150714,hybrid,hybrid_20260603_152755_367539
hybrid_agent_repo_search_mr1,repo_search,hybrid_workers_mr1,"[""hybrid_agent_issue_triage_mr1_pr1"", ""hybrid_agent_issue_triage_mr1_pr2"", ""hybrid_agent_patch_planning_mr1_pr1"", ""hybrid_agent_patch_planning_mr1_pr2"", ""hybrid_agent_test_reasoning_mr1_pr1"", ""hybrid_agent_test_reasoning_mr1_pr2""]",debate_round,6.251156,42.675289,False,0,hybrid_manager_peer,hybrid_agent_repo_search_mr1,repo_search,"[""hybrid_manager_r1""]",1,36.424133,hybrid,hybrid_20260603_152755_367539
hybrid_agent_issue_triage_mr1,issue_triage,hybrid_workers_mr1,"[""hybrid_agent_patch_planning_mr1_pr1"", ""hybrid_agent_patch_planning_mr1_pr2"", ""hybrid_agent_repo_search_mr1_pr1"", ""hybrid_agent_repo_search_mr1_pr2"", ""hybrid_agent_test_reasoning_mr1_pr1"", ""hybrid_agent_test_reasoning_mr1_pr2""]",debate_round,6.146745,42.720806,False,0,hybrid_manager_peer,hybrid_agent_issue_triage_mr1,issue_triage,"[""hybrid_manager_r1""]",1,36.574061,hybrid,hybrid_20260603_152755_367539
hybrid_agent_patch_planning_mr1->hybrid_agent_test_reasoning_mr1,edge,hybrid_peer_mr1_pr1,[],debate_round,0.0,42.722858,False,0,hybrid_manager_peer,hybrid_agent_patch_planning_mr1->hybrid_agent_test_reasoning_mr1,edge,[],1,42.722858,hybrid,hybrid_20260603_152755_367539
hybrid_agent_test_reasoning_mr1->hybrid_agent_patch_planning_mr1,edge,hybrid_peer_mr1_pr1,[],debate_round,0.0,42.722983,False,0,hybrid_manager_peer,hybrid_agent_test_reasoning_mr1->hybrid_agent_patch_planning_mr1,edge,[],1,42.722983,hybrid,hybrid_20260603_152755_367539
hybrid_agent_repo_search_mr1->hybrid_agent_test_reasoning_mr1,edge,hybrid_peer_mr1_pr1,[],debate_round,0.0,42.723083,False,0,hybrid_manager_peer,hybrid_agent_repo_search_mr1->hybrid_agent_test_reasoning_mr1,edge,[],1,42.723083,hybrid,hybrid_20260603_152755_367539
hybrid_agent_repo_search_mr1->hybrid_agent_patch_planning_mr1,edge,hybrid_peer_mr1_pr1,[],debate_round,0.0,42.723181,False,0,hybrid_manager_peer,hybrid_agent_repo_search_mr1->hybrid_agent_patch_planning_mr1,edge,[],1,42.723181,hybrid,hybrid_20260603_152755_367539
hybrid_agent_test_reasoning_mr1->hybrid_agent_repo_search_mr1,edge,hybrid_peer_mr1_pr1,[],debate_round,0.0,42.723458,False,0,hybrid_manager_peer,hybrid_agent_test_reasoning_mr1->hybrid_agent_repo_search_mr1,edge,[],1,42.723458,hybrid,hybrid_20260603_152755_367539
hybrid_agent_issue_triage_mr1->hybrid_agent_test_reasoning_mr1,edge,hybrid_peer_mr1_pr1,[],debate_round,0.0,42.723575,False,0,hybrid_manager_peer,hybrid_agent_issue_triage_mr1->hybrid_agent_test_reasoning_mr1,edge,[],1,42.723575,hybrid,hybrid_20260603_152755_367539
hybrid_agent_issue_triage_mr1->hybrid_agent_patch_planning_mr1,edge,hybrid_peer_mr1_pr1,[],debate_round,0.0,42.72371,False,0,hybrid_manager_peer,hybrid_agent_issue_triage_mr1->hybrid_agent_patch_planning_mr1,edge,[],1,42.72371,hybrid,hybrid_20260603_152755_367539
hybrid_agent_test_reasoning_mr1->hybrid_agent_issue_triage_mr1,edge,hybrid_peer_mr1_pr1,[],debate_round,0.0,42.72387,False,0,hybrid_manager_peer,hybrid_agent_test_reasoning_mr1->hybrid_agent_issue_triage_mr1,edge,[],1,42.72387,hybrid,hybrid_20260603_152755_367539
hybrid_agent_patch_planning_mr1->hybrid_agent_repo_search_mr1,edge,hybrid_peer_mr1_pr1,[],debate_round,0.0,42.724013,False,0,hybrid_manager_peer,hybrid_agent_patch_planning_mr1->hybrid_agent_repo_search_mr1,edge,[],1,42.724013,hybrid,hybrid_20260603_152755_367539
hybrid_agent_patch_planning_mr1->hybrid_agent_issue_triage_mr1,edge,hybrid_peer_mr1_pr1,[],debate_round,0.0,42.724376,False,0,hybrid_manager_peer,hybrid_agent_patch_planning_mr1->hybrid_agent_issue_triage_mr1,edge,[],1,42.724376,hybrid,hybrid_20260603_152755_367539
hybrid_agent_issue_triage_mr1->hybrid_agent_repo_search_mr1,edge,hybrid_peer_mr1_pr1,[],debate_round,0.0,42.724472,False,0,hybrid_manager_peer,hybrid_agent_issue_triage_mr1->hybrid_agent_repo_search_mr1,edge,[],1,42.724472,hybrid,hybrid_20260603_152755_367539
hybrid_agent_repo_search_mr1->hybrid_agent_issue_triage_mr1,edge,hybrid_peer_mr1_pr1,[],debate_round,0.0,42.724643,False,0,hybrid_manager_peer,hybrid_agent_repo_search_mr1->hybrid_agent_issue_triage_mr1,edge,[],1,42.724643,hybrid,hybrid_20260603_152755_367539
hybrid_agent_test_reasoning_mr1_pr1,debate_agent,hybrid_peer_mr1_pr1,[],debate_round,6.395298,49.126621,False,0,hybrid_manager_peer,hybrid_agent_test_reasoning_mr1_pr1,debate_agent,"[""hybrid_agent_patch_planning_mr1"", ""hybrid_agent_repo_search_mr1"", ""hybrid_agent_issue_triage_mr1""]",1,42.731323,hybrid,hybrid_20260603_152755_367539
hybrid_agent_repo_search_mr1_pr1,debate_agent,hybrid_peer_mr1_pr1,[],debate_round,6.355299,49.157168,False,0,hybrid_manager_peer,hybrid_agent_repo_search_mr1_pr1,debate_agent,"[""hybrid_agent_test_reasoning_mr1"", ""hybrid_agent_patch_planning_mr1"", ""hybrid_agent_issue_triage_mr1""]",1,42.801868999999996,hybrid,hybrid_20260603_152755_367539
hybrid_agent_patch_planning_mr1_pr1,debate_agent,hybrid_peer_mr1_pr1,[],debate_round,6.380836,49.170938,False,0,hybrid_manager_peer,hybrid_agent_patch_planning_mr1_pr1,debate_agent,"[""hybrid_agent_test_reasoning_mr1"", ""hybrid_agent_repo_search_mr1"", ""hybrid_agent_issue_triage_mr1""]",1,42.790102,hybrid,hybrid_20260603_152755_367539
hybrid_agent_issue_triage_mr1_pr1,debate_agent,hybrid_peer_mr1_pr1,[],debate_round,6.370415,49.173646,False,0,hybrid_manager_peer,hybrid_agent_issue_triage_mr1_pr1,debate_agent,"[""hybrid_agent_test_reasoning_mr1"", ""hybrid_agent_patch_planning_mr1"", ""hybrid_agent_repo_search_mr1""]",1,42.803231,hybrid,hybrid_20260603_152755_367539
hybrid_peer_barrier_mr1_pr1,barrier,,[],debate_round,0.0,49.174594,False,0,hybrid_manager_peer,hybrid_peer_barrier_mr1_pr1,barrier,[],1,49.174594,hybrid,hybrid_20260603_152755_367539
hybrid_agent_patch_planning_mr1->hybrid_agent_test_reasoning_mr1,edge,hybrid_peer_mr1_pr2,[],debate_round,0.0,49.175774,False,0,hybrid_manager_peer,hybrid_agent_patch_planning_mr1->hybrid_agent_test_reasoning_mr1,edge,[],2,49.175774,hybrid,hybrid_20260603_152755_367539
hybrid_agent_test_reasoning_mr1->hybrid_agent_patch_planning_mr1,edge,hybrid_peer_mr1_pr2,[],debate_round,0.0,49.176031,False,0,hybrid_manager_peer,hybrid_agent_test_reasoning_mr1->hybrid_agent_patch_planning_mr1,edge,[],2,49.176031,hybrid,hybrid_20260603_152755_367539
hybrid_agent_repo_search_mr1->hybrid_agent_test_reasoning_mr1,edge,hybrid_peer_mr1_pr2,[],debate_round,0.0,49.176343,False,0,hybrid_manager_peer,hybrid_agent_repo_search_mr1->hybrid_agent_test_reasoning_mr1,edge,[],2,49.176343,hybrid,hybrid_20260603_152755_367539
hybrid_agent_repo_search_mr1->hybrid_agent_patch_planning_mr1,edge,hybrid_peer_mr1_pr2,[],debate_round,0.0,49.176459,False,0,hybrid_manager_peer,hybrid_agent_repo_search_mr1->hybrid_agent_patch_planning_mr1,edge,[],2,49.176459,hybrid,hybrid_20260603_152755_367539
hybrid_agent_test_reasoning_mr1->hybrid_agent_repo_search_mr1,edge,hybrid_peer_mr1_pr2,[],debate_round,0.0,49.176586,False,0,hybrid_manager_peer,hybrid_agent_test_reasoning_mr1->hybrid_agent_repo_search_mr1,edge,[],2,49.176586,hybrid,hybrid_20260603_152755_367539
hybrid_agent_test_reasoning_mr1->hybrid_agent_issue_triage_mr1,edge,hybrid_peer_mr1_pr2,[],debate_round,0.0,49.176713,False,0,hybrid_manager_peer,hybrid_agent_test_reasoning_mr1->hybrid_agent_issue_triage_mr1,edge,[],2,49.176713,hybrid,hybrid_20260603_152755_367539
hybrid_agent_issue_triage_mr1->hybrid_agent_patch_planning_mr1,edge,hybrid_peer_mr1_pr2,[],debate_round,0.0,49.17685,False,0,hybrid_manager_peer,hybrid_agent_issue_triage_mr1->hybrid_agent_patch_planning_mr1,edge,[],2,49.17685,hybrid,hybrid_20260603_152755_367539
hybrid_agent_issue_triage_mr1->hybrid_agent_test_reasoning_mr1,edge,hybrid_peer_mr1_pr2,[],debate_round,0.0,49.176982,False,0,hybrid_manager_peer,hybrid_agent_issue_triage_mr1->hybrid_agent_test_reasoning_mr1,edge,[],2,49.176982,hybrid,hybrid_20260603_152755_367539
hybrid_agent_patch_planning_mr1->hybrid_agent_repo_search_mr1,edge,hybrid_peer_mr1_pr2,[],debate_round,0.0,49.177132,False,0,hybrid_manager_peer,hybrid_agent_patch_planning_mr1->hybrid_agent_repo_search_mr1,edge,[],2,49.177132,hybrid,hybrid_20260603_152755_367539
hybrid_agent_patch_planning_mr1->hybrid_agent_issue_triage_mr1,edge,hybrid_peer_mr1_pr2,[],debate_round,0.0,49.177338,False,0,hybrid_manager_peer,hybrid_agent_patch_planning_mr1->hybrid_agent_issue_triage_mr1,edge,[],2,49.177338,hybrid,hybrid_20260603_152755_367539
hybrid_agent_issue_triage_mr1->hybrid_agent_repo_search_mr1,edge,hybrid_peer_mr1_pr2,[],debate_round,0.0,49.17748,False,0,hybrid_manager_peer,hybrid_agent_issue_triage_mr1->hybrid_agent_repo_search_mr1,edge,[],2,49.17748,hybrid,hybrid_20260603_152755_367539
hybrid_agent_repo_search_mr1->hybrid_agent_issue_triage_mr1,edge,hybrid_peer_mr1_pr2,[],debate_round,0.0,49.177687,False,0,hybrid_manager_peer,hybrid_agent_repo_search_mr1->hybrid_agent_issue_triage_mr1,edge,[],2,49.177687,hybrid,hybrid_20260603_152755_367539
hybrid_agent_patch_planning_mr1_pr2,debate_agent,hybrid_peer_mr1_pr2,[],debate_round,6.33991,55.526548,False,0,hybrid_manager_peer,hybrid_agent_patch_planning_mr1_pr2,debate_agent,"[""hybrid_agent_test_reasoning_mr1"", ""hybrid_agent_repo_search_mr1"", ""hybrid_agent_issue_triage_mr1""]",1,49.186638,hybrid,hybrid_20260603_152755_367539
hybrid_agent_test_reasoning_mr1_pr2,debate_agent,hybrid_peer_mr1_pr2,[],debate_round,6.355427,55.539541,False,0,hybrid_manager_peer,hybrid_agent_test_reasoning_mr1_pr2,debate_agent,"[""hybrid_agent_patch_planning_mr1"", ""hybrid_agent_repo_search_mr1"", ""hybrid_agent_issue_triage_mr1""]",1,49.184114,hybrid,hybrid_20260603_152755_367539
hybrid_agent_issue_triage_mr1_pr2,debate_agent,hybrid_peer_mr1_pr2,[],debate_round,6.368943,55.555702,False,0,hybrid_manager_peer,hybrid_agent_issue_triage_mr1_pr2,debate_agent,"[""hybrid_agent_test_reasoning_mr1"", ""hybrid_agent_patch_planning_mr1"", ""hybrid_agent_repo_search_mr1""]",1,49.186758999999995,hybrid,hybrid_20260603_152755_367539
hybrid_agent_repo_search_mr1_pr2,debate_agent,hybrid_peer_mr1_pr2,[],debate_round,6.370481,55.557239,False,0,hybrid_manager_peer,hybrid_agent_repo_search_mr1_pr2,debate_agent,"[""hybrid_agent_test_reasoning_mr1"", ""hybrid_agent_patch_planning_mr1"", ""hybrid_agent_issue_triage_mr1""]",1,49.186758000000005,hybrid,hybrid_20260603_152755_367539
hybrid_peer_barrier_mr1_pr2,barrier,,[],debate_round,0.0,55.558235,False,0,hybrid_manager_peer,hybrid_peer_barrier_mr1_pr2,barrier,[],2,55.558235,hybrid,hybrid_20260603_152755_367539
hybrid_agent_test_reasoning_mr1->hybrid_manager_collect_r1,edge,,[],debate_round,0.0,55.558485,False,0,hybrid_manager_peer,hybrid_agent_test_reasoning_mr1->hybrid_manager_collect_r1,edge,[],2,55.558485,hybrid,hybrid_20260603_152755_367539
hybrid_agent_patch_planning_mr1->hybrid_manager_collect_r1,edge,,[],debate_round,0.0,55.558677,False,0,hybrid_manager_peer,hybrid_agent_patch_planning_mr1->hybrid_manager_collect_r1,edge,[],2,55.558677,hybrid,hybrid_20260603_152755_367539
hybrid_agent_repo_search_mr1->hybrid_manager_collect_r1,edge,,[],debate_round,0.0,55.558844,False,0,hybrid_manager_peer,hybrid_agent_repo_search_mr1->hybrid_manager_collect_r1,edge,[],2,55.558844,hybrid,hybrid_20260603_152755_367539
hybrid_agent_issue_triage_mr1->hybrid_manager_collect_r1,edge,,[],debate_round,0.0,55.558994,False,0,hybrid_manager_peer,hybrid_agent_issue_triage_mr1->hybrid_manager_collect_r1,edge,[],2,55.558994,hybrid,hybrid_20260603_152755_367539
hybrid_manager_collect_r1,barrier,,[],debate_round,0.0,55.559147,False,0,hybrid_manager_peer,hybrid_manager_collect_r1,barrier,[],2,55.559147,hybrid,hybrid_20260603_152755_367539
finalizer,finalizer,,[],sequential,5.838933,61.407697,True,0,hybrid_manager_peer,finalizer,finalizer,"[""hybrid_manager_collect""]",,55.568764,hybrid,hybrid_20260603_152755_367539
finalizer->END,edge,,[],fan_in,0.0,61.407893,False,0,hybrid_manager_peer,finalizer->END,edge,[],,61.407893,hybrid,hybrid_20260603_152755_367539
retry_web_context_search,tool,,"[""generator""]",tool_dependency,2.84754,2.920917,False,0,review_loop,retry_web_context_search,tool,"[""START""]",,0.07337700000000025,retry_debug_pressure_meso,retry_debug_pressure_meso_20260603_152146_223035
generator,generator,,"[""verifier_r0""]",sequential,5.618677,8.555429,True,0,review_loop,generator,generator,"[""retry_web_context_search""]",,2.9367520000000003,retry_debug_pressure_meso,retry_debug_pressure_meso_20260603_152146_223035
verifier_r0,verifier,,"[""debugger_r0""]",sequential,5.527377,14.086989,True,0,review_loop,verifier_r0,verifier,"[""generator""]",,8.559612000000001,retry_debug_pressure_meso,retry_debug_pressure_meso_20260603_152146_223035
debugger_r0,debugger,,"[""reviser_r1""]",review_loop,5.528096,19.619692,True,1,review_loop,debugger_r0,debugger,"[""verifier_r0""]",,14.091596000000001,retry_debug_pressure_meso,retry_debug_pressure_meso_20260603_152146_223035
reviser_r1,generator,,"[""verifier_r1""]",review_loop,5.59142,25.216057,True,1,review_loop,reviser_r1,generator,"[""debugger_r0""]",,19.624637,retry_debug_pressure_meso,retry_debug_pressure_meso_20260603_152146_223035
verifier_r1,verifier,,"[""debugger_r1""]",review_loop,5.537423,30.756545,True,1,review_loop,verifier_r1,verifier,"[""reviser_r1""]",,25.219122,retry_debug_pressure_meso,retry_debug_pressure_meso_20260603_152146_223035
debugger_r1,debugger,,"[""reviser_r2""]",review_loop,5.55153,36.312028,True,2,review_loop,debugger_r1,debugger,"[""verifier_r1""]",,30.760498,retry_debug_pressure_meso,retry_debug_pressure_meso_20260603_152146_223035
reviser_r2,generator,,"[""verifier_r2""]",review_loop,5.598499,41.915341,True,2,review_loop,reviser_r2,generator,"[""debugger_r1""]",,36.316841999999994,retry_debug_pressure_meso,retry_debug_pressure_meso_20260603_152146_223035
verifier_r2,verifier,,"[""debugger_r2""]",review_loop,5.537809,47.456189,True,2,review_loop,verifier_r2,verifier,"[""reviser_r2""]",,41.91838,retry_debug_pressure_meso,retry_debug_pressure_meso_20260603_152146_223035
debugger_r2,debugger,,"[""reviser_r3""]",review_loop,5.536497,52.995805,True,3,review_loop,debugger_r2,debugger,"[""verifier_r2""]",,47.459308,retry_debug_pressure_meso,retry_debug_pressure_meso_20260603_152146_223035
reviser_r3,generator,,"[""finalizer""]",review_loop,5.594459,58.595007,True,3,review_loop,reviser_r3,generator,"[""debugger_r2""]",,53.000548,retry_debug_pressure_meso,retry_debug_pressure_meso_20260603_152146_223035
reviser_r3->finalizer,edge,,[],fan_in,0.0,58.595615,False,0,review_loop,reviser_r3->finalizer,edge,[],,58.595615,retry_debug_pressure_meso,retry_debug_pressure_meso_20260603_152146_223035
finalizer,finalizer,,[],sequential,5.615997,64.217173,True,0,review_loop,finalizer,finalizer,"[""reviser_r3""]",,58.601176,retry_debug_pressure_meso,retry_debug_pressure_meso_20260603_152146_223035
finalizer->END,edge,,[],fan_in,0.0,64.217496,False,0,review_loop,finalizer->END,edge,[],,64.217496,retry_debug_pressure_meso,retry_debug_pressure_meso_20260603_152146_223035
writer_2_search,tool,,"[""writer_2""]",tool_dependency,2.739379,2.789565,False,0,independent_multi_branch,writer_2_search,tool,"[""START""]",,0.050186000000000064,shared_memory_fanin_meso,shared_memory_fanin_meso_20260603_152552_989083
writer_1_search,tool,,"[""writer_1""]",tool_dependency,3.609472,3.622511,False,0,independent_multi_branch,writer_1_search,tool,"[""START""]",,0.013039000000000023,shared_memory_fanin_meso,shared_memory_fanin_meso_20260603_152552_989083
writer_2,writer,memory_writers,[],sequential,6.392948,9.190773,False,0,independent_multi_branch,writer_2,writer,"[""writer_2_search""]",,2.7978250000000005,shared_memory_fanin_meso,shared_memory_fanin_meso_20260603_152552_989083
writer_2->shared_evidence_store,edge,memory_writers,[],sequential,0.0,9.191116,False,0,independent_multi_branch,writer_2->shared_evidence_store,edge,[],,9.191116,shared_memory_fanin_meso,shared_memory_fanin_meso_20260603_152552_989083
writer_1,writer,memory_writers,[],sequential,6.45768,10.140867,False,0,independent_multi_branch,writer_1,writer,"[""writer_1_search""]",,3.683187,shared_memory_fanin_meso,shared_memory_fanin_meso_20260603_152552_989083
writer_1->shared_evidence_store,edge,memory_writers,[],sequential,0.0,10.141234,False,0,independent_multi_branch,writer_1->shared_evidence_store,edge,[],,10.141234,shared_memory_fanin_meso,shared_memory_fanin_meso_20260603_152552_989083
memory_write_barrier,barrier,,[],sequential,0.0,10.14286,False,0,independent_multi_branch,memory_write_barrier,barrier,[],,10.14286,shared_memory_fanin_meso,shared_memory_fanin_meso_20260603_152552_989083
reader_4,reader,memory_readers,"[""memory_reviewer""]",sequential,6.086644,16.241378,False,0,independent_multi_branch,reader_4,reader,"[""shared_evidence_store""]",,10.154734000000001,shared_memory_fanin_meso,shared_memory_fanin_meso_20260603_152552_989083
reader_4->memory_reviewer,edge,memory_readers,[],fan_in,0.0,16.24167,False,0,independent_multi_branch,reader_4->memory_reviewer,edge,[],,16.24167,shared_memory_fanin_meso,shared_memory_fanin_meso_20260603_152552_989083
reader_2,reader,memory_readers,"[""memory_reviewer""]",sequential,6.087997,16.242976,False,0,independent_multi_branch,reader_2,reader,"[""shared_evidence_store""]",,10.154978999999999,shared_memory_fanin_meso,shared_memory_fanin_meso_20260603_152552_989083
reader_1,reader,memory_readers,"[""memory_reviewer""]",sequential,6.089483,16.243139,False,0,independent_multi_branch,reader_1,reader,"[""shared_evidence_store""]",,10.153655999999998,shared_memory_fanin_meso,shared_memory_fanin_meso_20260603_152552_989083
reader_3,reader,memory_readers,"[""memory_reviewer""]",sequential,6.087869,16.243304,False,0,independent_multi_branch,reader_3,reader,"[""shared_evidence_store""]",,10.155434999999997,shared_memory_fanin_meso,shared_memory_fanin_meso_20260603_152552_989083
reader_2->memory_reviewer,edge,memory_readers,[],fan_in,0.0,16.243441,False,0,independent_multi_branch,reader_2->memory_reviewer,edge,[],,16.243441,shared_memory_fanin_meso,shared_memory_fanin_meso_20260603_152552_989083
reader_1->memory_reviewer,edge,memory_readers,[],fan_in,0.0,16.243559,False,0,independent_multi_branch,reader_1->memory_reviewer,edge,[],,16.243559,shared_memory_fanin_meso,shared_memory_fanin_meso_20260603_152552_989083
reader_3->memory_reviewer,edge,memory_readers,[],fan_in,0.0,16.243721,False,0,independent_multi_branch,reader_3->memory_reviewer,edge,[],,16.243721,shared_memory_fanin_meso,shared_memory_fanin_meso_20260603_152552_989083
memory_reviewer,reviewer,,"[""finalizer""]",fan_in,5.724323,21.982769,True,0,independent_multi_branch,memory_reviewer,reviewer,"[""reader_1"", ""reader_2"", ""reader_3"", ""reader_4""]",,16.258446,shared_memory_fanin_meso,shared_memory_fanin_meso_20260603_152552_989083
memory_reviewer->finalizer,edge,,[],fan_in,0.0,21.983119,False,0,independent_multi_branch,memory_reviewer->finalizer,edge,[],,21.983119,shared_memory_fanin_meso,shared_memory_fanin_meso_20260603_152552_989083
finalizer,finalizer,,[],sequential,5.554071,27.540394,True,0,independent_multi_branch,finalizer,finalizer,"[""memory_reviewer""]",,21.986323,shared_memory_fanin_meso,shared_memory_fanin_meso_20260603_152552_989083
finalizer->END,edge,,[],fan_in,0.0,27.540677,False,0,independent_multi_branch,finalizer->END,edge,[],,27.540677,shared_memory_fanin_meso,shared_memory_fanin_meso_20260603_152552_989083
planner,planner,,"[""background_coder"", ""critical_coder"", ""tool_branch_1_tool_agent"", ""tool_branch_2_tool_agent"", ""tool_branch_3_tool_agent"", ""tool_branch_4_tool_agent"", ""tool_branch_5_tool_agent"", ""tool_branch_6_tool_agent"", ""tool_branch_7_tool_agent"", ""tool_branch_8_tool_agent""]",sequential,7.338011,7.349436,True,0,composite_tool_resume,planner,planner,"[""START""]",,0.011425000000000018,tool_resume_contention_meso,tool_resume_contention_meso_20260603_163652_571098
tool_branch_8_tool_agent,tool_agent,tool_branch_8,"[""tool_branch_8_search""]",sequential,8.969917,16.420653,False,0,composite_tool_resume,tool_branch_8_tool_agent,tool_agent,"[""planner""]",,7.450736000000001,tool_resume_contention_meso,tool_resume_contention_meso_20260603_163652_571098
tool_branch_6_tool_agent,tool_agent,tool_branch_6,"[""tool_branch_6_search""]",sequential,8.970168,16.421439,False,0,composite_tool_resume,tool_branch_6_tool_agent,tool_agent,"[""planner""]",,7.451271,tool_resume_contention_meso,tool_resume_contention_meso_20260603_163652_571098
tool_branch_4_tool_agent,tool_agent,tool_branch_4,"[""tool_branch_4_search""]",sequential,8.973716,16.422083,False,0,composite_tool_resume,tool_branch_4_tool_agent,tool_agent,"[""planner""]",,7.448367000000001,tool_resume_contention_meso,tool_resume_contention_meso_20260603_163652_571098
tool_branch_7_tool_agent,tool_agent,tool_branch_7,"[""tool_branch_7_search""]",sequential,8.970251,16.422646,False,0,composite_tool_resume,tool_branch_7_tool_agent,tool_agent,"[""planner""]",,7.452395000000001,tool_resume_contention_meso,tool_resume_contention_meso_20260603_163652_571098
tool_branch_2_tool_agent,tool_agent,tool_branch_2,"[""tool_branch_2_search""]",sequential,8.989754,16.429068,False,0,composite_tool_resume,tool_branch_2_tool_agent,tool_agent,"[""planner""]",,7.439314000000001,tool_resume_contention_meso,tool_resume_contention_meso_20260603_163652_571098
tool_branch_3_tool_agent,tool_agent,tool_branch_3,"[""tool_branch_3_search""]",sequential,8.988228,16.43074,False,0,composite_tool_resume,tool_branch_3_tool_agent,tool_agent,"[""planner""]",,7.442512000000001,tool_resume_contention_meso,tool_resume_contention_meso_20260603_163652_571098
tool_branch_1_tool_agent,tool_agent,tool_branch_1,"[""tool_branch_1_search""]",sequential,8.98648,16.431584,False,0,composite_tool_resume,tool_branch_1_tool_agent,tool_agent,"[""planner""]",,7.445104000000001,tool_resume_contention_meso,tool_resume_contention_meso_20260603_163652_571098
tool_branch_5_tool_agent,tool_agent,tool_branch_5,"[""tool_branch_5_search""]",sequential,8.988486,16.432107,False,0,composite_tool_resume,tool_branch_5_tool_agent,tool_agent,"[""planner""]",,7.4436209999999985,tool_resume_contention_meso,tool_resume_contention_meso_20260603_163652_571098
critical_coder,coder,,"[""critical_reviewer""]",sequential,9.01634,16.450099,True,0,composite_tool_resume,critical_coder,coder,"[""planner""]",,7.433759000000002,tool_resume_contention_meso,tool_resume_contention_meso_20260603_163652_571098
background_coder,coder,background_parallel,"[""evidence_merge""]",sequential,9.014949,16.451732,False,0,composite_tool_resume,background_coder,coder,"[""planner""]",,7.436783,tool_resume_contention_meso,tool_resume_contention_meso_20260603_163652_571098
background_coder->evidence_merge,edge,,[],fan_in,0.0,16.45213,False,0,composite_tool_resume,background_coder->evidence_merge,edge,[],,16.45213,tool_resume_contention_meso,tool_resume_contention_meso_20260603_163652_571098
tool_branch_4_search,tool,tool_branch_4,"[""resume_evidence_processor_4""]",tool_dependency,1.174763,17.606002,False,0,composite_tool_resume,tool_branch_4_search,tool,"[""tool_branch_4_tool_agent""]",,16.431239,tool_resume_contention_meso,tool_resume_contention_meso_20260603_163652_571098
tool_branch_1_search,tool,tool_branch_1,"[""resume_evidence_processor_1""]",tool_dependency,1.209978,17.645319,False,0,composite_tool_resume,tool_branch_1_search,tool,"[""tool_branch_1_tool_agent""]",,16.435341,tool_resume_contention_meso,tool_resume_contention_meso_20260603_163652_571098
tool_branch_3_search,tool,tool_branch_3,"[""resume_evidence_processor_3""]",tool_dependency,1.213327,17.648486,False,0,composite_tool_resume,tool_branch_3_search,tool,"[""tool_branch_3_tool_agent""]",,16.435159,tool_resume_contention_meso,tool_resume_contention_meso_20260603_163652_571098
tool_branch_2_search,tool,tool_branch_2,"[""resume_evidence_processor_2""]",tool_dependency,1.224495,17.657018,False,0,composite_tool_resume,tool_branch_2_search,tool,"[""tool_branch_2_tool_agent""]",,16.432523,tool_resume_contention_meso,tool_resume_contention_meso_20260603_163652_571098
tool_branch_6_search,tool,tool_branch_6,"[""resume_evidence_processor_6""]",tool_dependency,2.242339,18.666088,False,0,composite_tool_resume,tool_branch_6_search,tool,"[""tool_branch_6_tool_agent""]",,16.423748999999997,tool_resume_contention_meso,tool_resume_contention_meso_20260603_163652_571098
tool_branch_5_search,tool,tool_branch_5,"[""resume_evidence_processor_5""]",tool_dependency,2.44026,18.876232,False,0,composite_tool_resume,tool_branch_5_search,tool,"[""tool_branch_5_tool_agent""]",,16.435972000000003,tool_resume_contention_meso,tool_resume_contention_meso_20260603_163652_571098
tool_branch_7_search,tool,tool_branch_7,"[""resume_evidence_processor_7""]",tool_dependency,2.609417,19.034607,False,0,composite_tool_resume,tool_branch_7_search,tool,"[""tool_branch_7_tool_agent""]",,16.42519,tool_resume_contention_meso,tool_resume_contention_meso_20260603_163652_571098
tool_branch_8_search,tool,tool_branch_8,"[""resume_evidence_processor_8""]",tool_dependency,2.616598,19.041867,False,0,composite_tool_resume,tool_branch_8_search,tool,"[""tool_branch_8_tool_agent""]",,16.425269,tool_resume_contention_meso,tool_resume_contention_meso_20260603_163652_571098
critical_reviewer,reviewer,,"[""finalizer""]",sequential,9.031864,25.48602,True,0,composite_tool_resume,critical_reviewer,reviewer,"[""critical_coder""]",,16.454155999999998,tool_resume_contention_meso,tool_resume_contention_meso_20260603_163652_571098
resume_evidence_processor_4,evidence_processor,background_tool_resume,"[""evidence_merge""]",tool_dependency,8.946685,26.560873,False,0,composite_tool_resume,resume_evidence_processor_4,evidence_processor,"[""tool_branch_4_search""]",,17.614188,tool_resume_contention_meso,tool_resume_contention_meso_20260603_163652_571098
resume_evidence_processor_4->evidence_merge,edge,background_tool_resume,[],fan_in,0.0,26.56131,False,0,composite_tool_resume,resume_evidence_processor_4->evidence_merge,edge,[],,26.56131,tool_resume_contention_meso,tool_resume_contention_meso_20260603_163652_571098
resume_evidence_processor_1,evidence_processor,background_tool_resume,"[""evidence_merge""]",tool_dependency,8.940677,26.592397,False,0,composite_tool_resume,resume_evidence_processor_1,evidence_processor,"[""tool_branch_1_search""]",,17.651719999999997,tool_resume_contention_meso,tool_resume_contention_meso_20260603_163652_571098
resume_evidence_processor_1->evidence_merge,edge,background_tool_resume,[],fan_in,0.0,26.592809,False,0,composite_tool_resume,resume_evidence_processor_1->evidence_merge,edge,[],,26.592809,tool_resume_contention_meso,tool_resume_contention_meso_20260603_163652_571098
resume_evidence_processor_3,evidence_processor,background_tool_resume,"[""evidence_merge""]",tool_dependency,8.983254,26.641435,False,0,composite_tool_resume,resume_evidence_processor_3,evidence_processor,"[""tool_branch_3_search""]",,17.658181,tool_resume_contention_meso,tool_resume_contention_meso_20260603_163652_571098
resume_evidence_processor_3->evidence_merge,edge,background_tool_resume,[],fan_in,0.0,26.641834,False,0,composite_tool_resume,resume_evidence_processor_3->evidence_merge,edge,[],,26.641834,tool_resume_contention_meso,tool_resume_contention_meso_20260603_163652_571098
resume_evidence_processor_2,evidence_processor,background_tool_resume,"[""evidence_merge""]",tool_dependency,8.991622,26.656932,False,0,composite_tool_resume,resume_evidence_processor_2,evidence_processor,"[""tool_branch_2_search""]",,17.66531,tool_resume_contention_meso,tool_resume_contention_meso_20260603_163652_571098
resume_evidence_processor_2->evidence_merge,edge,background_tool_resume,[],fan_in,0.0,26.657345,False,0,composite_tool_resume,resume_evidence_processor_2->evidence_merge,edge,[],,26.657345,tool_resume_contention_meso,tool_resume_contention_meso_20260603_163652_571098
resume_evidence_processor_6,evidence_processor,background_tool_resume,"[""evidence_merge""]",tool_dependency,8.783868,27.456417,False,0,composite_tool_resume,resume_evidence_processor_6,evidence_processor,"[""tool_branch_6_search""]",,18.672548999999997,tool_resume_contention_meso,tool_resume_contention_meso_20260603_163652_571098
resume_evidence_processor_6->evidence_merge,edge,background_tool_resume,[],fan_in,0.0,27.456832,False,0,composite_tool_resume,resume_evidence_processor_6->evidence_merge,edge,[],,27.456832,tool_resume_contention_meso,tool_resume_contention_meso_20260603_163652_571098
resume_evidence_processor_5,evidence_processor,background_tool_resume,"[""evidence_merge""]",tool_dependency,8.653666,27.536447,False,0,composite_tool_resume,resume_evidence_processor_5,evidence_processor,"[""tool_branch_5_search""]",,18.882781,tool_resume_contention_meso,tool_resume_contention_meso_20260603_163652_571098
resume_evidence_processor_5->evidence_merge,edge,background_tool_resume,[],fan_in,0.0,27.536865,False,0,composite_tool_resume,resume_evidence_processor_5->evidence_merge,edge,[],,27.536865,tool_resume_contention_meso,tool_resume_contention_meso_20260603_163652_571098
resume_evidence_processor_7,evidence_processor,background_tool_resume,"[""evidence_merge""]",tool_dependency,8.579644,27.620632,False,0,composite_tool_resume,resume_evidence_processor_7,evidence_processor,"[""tool_branch_7_search""]",,19.040988,tool_resume_contention_meso,tool_resume_contention_meso_20260603_163652_571098
resume_evidence_processor_7->evidence_merge,edge,background_tool_resume,[],fan_in,0.0,27.621019,False,0,composite_tool_resume,resume_evidence_processor_7->evidence_merge,edge,[],,27.621019,tool_resume_contention_meso,tool_resume_contention_meso_20260603_163652_571098
resume_evidence_processor_8,evidence_processor,background_tool_resume,"[""evidence_merge""]",tool_dependency,8.585085,27.633886,False,0,composite_tool_resume,resume_evidence_processor_8,evidence_processor,"[""tool_branch_8_search""]",,19.048801,tool_resume_contention_meso,tool_resume_contention_meso_20260603_163652_571098
resume_evidence_processor_8->evidence_merge,edge,background_tool_resume,[],fan_in,0.0,27.634191,False,0,composite_tool_resume,resume_evidence_processor_8->evidence_merge,edge,[],,27.634191,tool_resume_contention_meso,tool_resume_contention_meso_20260603_163652_571098
finalizer,finalizer,,[],sequential,7.652789,33.147241,True,0,composite_tool_resume,finalizer,finalizer,"[""critical_reviewer""]",,25.494452000000003,tool_resume_contention_meso,tool_resume_contention_meso_20260603_163652_571098
finalizer->END,edge,,[],sequential,0.0,33.147664,False,0,composite_tool_resume,finalizer->END,edge,[],,33.147664,tool_resume_contention_meso,tool_resume_contention_meso_20260603_163652_571098
late_evidence_merge_barrier,barrier,,[],sequential,0.0,33.151236,False,0,composite_tool_resume,late_evidence_merge_barrier,barrier,[],,33.151236,tool_resume_contention_meso,tool_resume_contention_meso_20260603_163652_571098
evidence_merge,aggregator,,[],fan_in,7.931682,41.117433,False,0,composite_tool_resume,evidence_merge,aggregator,"[""background_coder"", ""resume_evidence_processor_1"", ""resume_evidence_processor_2"", ""resume_evidence_processor_3"", ""resume_evidence_processor_4"", ""resume_evidence_processor_5"", ""resume_evidence_processor_6"", ""resume_evidence_processor_7"", ""resume_evidence_processor_8""]",,33.185750999999996,tool_resume_contention_meso,tool_resume_contention_meso_20260603_163652_571098
evidence_merge->finalizer,edge,,[],fan_in,0.0,41.117786,False,0,composite_tool_resume,evidence_merge->finalizer,edge,[],,41.117786,tool_resume_contention_meso,tool_resume_contention_meso_20260603_163652_571098
planner,planner,,"[""background_coder"", ""critical_coder"", ""tool_branch_1_tool_agent"", ""tool_branch_2_tool_agent"", ""tool_branch_3_tool_agent"", ""tool_branch_4_tool_agent"", ""tool_branch_5_tool_agent"", ""tool_branch_6_tool_agent"", ""tool_branch_7_tool_agent"", ""tool_branch_8_tool_agent""]",sequential,7.408031,7.428834,True,0,composite_tool_resume,planner,planner,"[""START""]",,0.020802999999999905,tool_resume_contention_meso,tool_resume_contention_meso_20260603_163938_901759
tool_branch_4_tool_agent,tool_agent,tool_branch_4,"[""tool_branch_4_search""]",sequential,9.021246,16.525705,False,0,composite_tool_resume,tool_branch_4_tool_agent,tool_agent,"[""planner""]",,7.504458999999999,tool_resume_contention_meso,tool_resume_contention_meso_20260603_163938_901759
tool_branch_2_tool_agent,tool_agent,tool_branch_2,"[""tool_branch_2_search""]",sequential,9.023554,16.526779,False,0,composite_tool_resume,tool_branch_2_tool_agent,tool_agent,"[""planner""]",,7.5032250000000005,tool_resume_contention_meso,tool_resume_contention_meso_20260603_163938_901759
tool_branch_7_tool_agent,tool_agent,tool_branch_7,"[""tool_branch_7_search""]",sequential,9.016834,16.527727,False,0,composite_tool_resume,tool_branch_7_tool_agent,tool_agent,"[""planner""]",,7.510892999999999,tool_resume_contention_meso,tool_resume_contention_meso_20260603_163938_901759
tool_branch_6_tool_agent,tool_agent,tool_branch_6,"[""tool_branch_6_search""]",sequential,9.030126,16.536123,False,0,composite_tool_resume,tool_branch_6_tool_agent,tool_agent,"[""planner""]",,7.505997000000001,tool_resume_contention_meso,tool_resume_contention_meso_20260603_163938_901759
tool_branch_1_tool_agent,tool_agent,tool_branch_1,"[""tool_branch_1_search""]",sequential,9.037499,16.538158,False,0,composite_tool_resume,tool_branch_1_tool_agent,tool_agent,"[""planner""]",,7.500658999999999,tool_resume_contention_meso,tool_resume_contention_meso_20260603_163938_901759
tool_branch_5_tool_agent,tool_agent,tool_branch_5,"[""tool_branch_5_search""]",sequential,9.05035,16.554608,False,0,composite_tool_resume,tool_branch_5_tool_agent,tool_agent,"[""planner""]",,7.504258000000002,tool_resume_contention_meso,tool_resume_contention_meso_20260603_163938_901759
tool_branch_3_tool_agent,tool_agent,tool_branch_3,"[""tool_branch_3_search""]",sequential,9.053172,16.555384,False,0,composite_tool_resume,tool_branch_3_tool_agent,tool_agent,"[""planner""]",,7.502212,tool_resume_contention_meso,tool_resume_contention_meso_20260603_163938_901759
tool_branch_8_tool_agent,tool_agent,tool_branch_8,"[""tool_branch_8_search""]",sequential,9.049347,16.555945,False,0,composite_tool_resume,tool_branch_8_tool_agent,tool_agent,"[""planner""]",,7.506598000000002,tool_resume_contention_meso,tool_resume_contention_meso_20260603_163938_901759
critical_coder,coder,,"[""critical_reviewer""]",sequential,9.057677,16.55719,True,0,composite_tool_resume,critical_coder,coder,"[""planner""]",,7.4995129999999985,tool_resume_contention_meso,tool_resume_contention_meso_20260603_163938_901759
background_coder,coder,background_parallel,"[""evidence_merge""]",sequential,9.078139,16.573692,False,0,composite_tool_resume,background_coder,coder,"[""planner""]",,7.495553000000001,tool_resume_contention_meso,tool_resume_contention_meso_20260603_163938_901759
background_coder->evidence_merge,edge,,[],fan_in,0.0,16.574143,False,0,composite_tool_resume,background_coder->evidence_merge,edge,[],,16.574143,tool_resume_contention_meso,tool_resume_contention_meso_20260603_163938_901759
tool_branch_7_search,tool,tool_branch_7,"[""resume_evidence_processor_7""]",tool_dependency,1.184657,17.716946,False,0,composite_tool_resume,tool_branch_7_search,tool,"[""tool_branch_7_tool_agent""]",,16.532289,tool_resume_contention_meso,tool_resume_contention_meso_20260603_163938_901759
tool_branch_6_search,tool,tool_branch_6,"[""resume_evidence_processor_6""]",tool_dependency,1.181797,17.721546,False,0,composite_tool_resume,tool_branch_6_search,tool,"[""tool_branch_6_tool_agent""]",,16.539749,tool_resume_contention_meso,tool_resume_contention_meso_20260603_163938_901759
tool_branch_1_search,tool,tool_branch_1,"[""resume_evidence_processor_1""]",tool_dependency,1.181922,17.725767,False,0,composite_tool_resume,tool_branch_1_search,tool,"[""tool_branch_1_tool_agent""]",,16.543845,tool_resume_contention_meso,tool_resume_contention_meso_20260603_163938_901759
tool_branch_8_search,tool,tool_branch_8,"[""resume_evidence_processor_8""]",tool_dependency,1.197922,17.758179,False,0,composite_tool_resume,tool_branch_8_search,tool,"[""tool_branch_8_tool_agent""]",,16.560257,tool_resume_contention_meso,tool_resume_contention_meso_20260603_163938_901759
tool_branch_5_search,tool,tool_branch_5,"[""resume_evidence_processor_5""]",tool_dependency,1.217866,17.776997,False,0,composite_tool_resume,tool_branch_5_search,tool,"[""tool_branch_5_tool_agent""]",,16.559131,tool_resume_contention_meso,tool_resume_contention_meso_20260603_163938_901759
tool_branch_2_search,tool,tool_branch_2,"[""resume_evidence_processor_2""]",tool_dependency,1.249732,17.782027,False,0,composite_tool_resume,tool_branch_2_search,tool,"[""tool_branch_2_tool_agent""]",,16.532294999999998,tool_resume_contention_meso,tool_resume_contention_meso_20260603_163938_901759
tool_branch_3_search,tool,tool_branch_3,"[""resume_evidence_processor_3""]",tool_dependency,1.235656,17.793965,False,0,composite_tool_resume,tool_branch_3_search,tool,"[""tool_branch_3_tool_agent""]",,16.558309,tool_resume_contention_meso,tool_resume_contention_meso_20260603_163938_901759
tool_branch_4_search,tool,tool_branch_4,"[""resume_evidence_processor_4""]",tool_dependency,1.486117,18.015249,False,0,composite_tool_resume,tool_branch_4_search,tool,"[""tool_branch_4_tool_agent""]",,16.529132,tool_resume_contention_meso,tool_resume_contention_meso_20260603_163938_901759
critical_reviewer,reviewer,,"[""finalizer""]",sequential,8.967534,25.532528,True,0,composite_tool_resume,critical_reviewer,reviewer,"[""critical_coder""]",,16.564994,tool_resume_contention_meso,tool_resume_contention_meso_20260603_163938_901759
resume_evidence_processor_7,evidence_processor,background_tool_resume,"[""evidence_merge""]",tool_dependency,9.045991,26.772164,False,0,composite_tool_resume,resume_evidence_processor_7,evidence_processor,"[""tool_branch_7_search""]",,17.726173,tool_resume_contention_meso,tool_resume_contention_meso_20260603_163938_901759
resume_evidence_processor_7->evidence_merge,edge,background_tool_resume,[],fan_in,0.0,26.772637,False,0,composite_tool_resume,resume_evidence_processor_7->evidence_merge,edge,[],,26.772637,tool_resume_contention_meso,tool_resume_contention_meso_20260603_163938_901759
resume_evidence_processor_6,evidence_processor,background_tool_resume,"[""evidence_merge""]",tool_dependency,9.073861,26.803736,False,0,composite_tool_resume,resume_evidence_processor_6,evidence_processor,"[""tool_branch_6_search""]",,17.729875,tool_resume_contention_meso,tool_resume_contention_meso_20260603_163938_901759
resume_evidence_processor_6->evidence_merge,edge,background_tool_resume,[],fan_in,0.0,26.804166,False,0,composite_tool_resume,resume_evidence_processor_6->evidence_merge,edge,[],,26.804166,tool_resume_contention_meso,tool_resume_contention_meso_20260603_163938_901759
resume_evidence_processor_1,evidence_processor,background_tool_resume,"[""evidence_merge""]",tool_dependency,9.084063,26.817176,False,0,composite_tool_resume,resume_evidence_processor_1,evidence_processor,"[""tool_branch_1_search""]",,17.733113,tool_resume_contention_meso,tool_resume_contention_meso_20260603_163938_901759
resume_evidence_processor_1->evidence_merge,edge,background_tool_resume,[],fan_in,0.0,26.817601,False,0,composite_tool_resume,resume_evidence_processor_1->evidence_merge,edge,[],,26.817601,tool_resume_contention_meso,tool_resume_contention_meso_20260603_163938_901759
resume_evidence_processor_8,evidence_processor,background_tool_resume,"[""evidence_merge""]",tool_dependency,9.067598,26.833766,False,0,composite_tool_resume,resume_evidence_processor_8,evidence_processor,"[""tool_branch_8_search""]",,17.766168,tool_resume_contention_meso,tool_resume_contention_meso_20260603_163938_901759
resume_evidence_processor_8->evidence_merge,edge,background_tool_resume,[],fan_in,0.0,26.834198,False,0,composite_tool_resume,resume_evidence_processor_8->evidence_merge,edge,[],,26.834198,tool_resume_contention_meso,tool_resume_contention_meso_20260603_163938_901759
resume_evidence_processor_3,evidence_processor,background_tool_resume,"[""evidence_merge""]",tool_dependency,9.047522,26.850185,False,0,composite_tool_resume,resume_evidence_processor_3,evidence_processor,"[""tool_branch_3_search""]",,17.802663,tool_resume_contention_meso,tool_resume_contention_meso_20260603_163938_901759
resume_evidence_processor_3->evidence_merge,edge,background_tool_resume,[],fan_in,0.0,26.850617,False,0,composite_tool_resume,resume_evidence_processor_3->evidence_merge,edge,[],,26.850617,tool_resume_contention_meso,tool_resume_contention_meso_20260603_163938_901759
resume_evidence_processor_5,evidence_processor,background_tool_resume,"[""evidence_merge""]",tool_dependency,9.079254,26.866849,False,0,composite_tool_resume,resume_evidence_processor_5,evidence_processor,"[""tool_branch_5_search""]",,17.787594999999996,tool_resume_contention_meso,tool_resume_contention_meso_20260603_163938_901759
resume_evidence_processor_5->evidence_merge,edge,background_tool_resume,[],fan_in,0.0,26.867269,False,0,composite_tool_resume,resume_evidence_processor_5->evidence_merge,edge,[],,26.867269,tool_resume_contention_meso,tool_resume_contention_meso_20260603_163938_901759
resume_evidence_processor_2,evidence_processor,background_tool_resume,"[""evidence_merge""]",tool_dependency,9.076313,26.867513,False,0,composite_tool_resume,resume_evidence_processor_2,evidence_processor,"[""tool_branch_2_search""]",,17.791199999999996,tool_resume_contention_meso,tool_resume_contention_meso_20260603_163938_901759
resume_evidence_processor_2->evidence_merge,edge,background_tool_resume,[],fan_in,0.0,26.868021,False,0,composite_tool_resume,resume_evidence_processor_2->evidence_merge,edge,[],,26.868021,tool_resume_contention_meso,tool_resume_contention_meso_20260603_163938_901759
resume_evidence_processor_4,evidence_processor,background_tool_resume,"[""evidence_merge""]",tool_dependency,8.844905,26.868251,False,0,composite_tool_resume,resume_evidence_processor_4,evidence_processor,"[""tool_branch_4_search""]",,18.023346,tool_resume_contention_meso,tool_resume_contention_meso_20260603_163938_901759
resume_evidence_processor_4->evidence_merge,edge,background_tool_resume,[],fan_in,0.0,26.868681,False,0,composite_tool_resume,resume_evidence_processor_4->evidence_merge,edge,[],,26.868681,tool_resume_contention_meso,tool_resume_contention_meso_20260603_163938_901759
finalizer,finalizer,,[],sequential,7.63508,33.175253,True,0,composite_tool_resume,finalizer,finalizer,"[""critical_reviewer""]",,25.540172999999996,tool_resume_contention_meso,tool_resume_contention_meso_20260603_163938_901759
finalizer->END,edge,,[],sequential,0.0,33.175927,False,0,composite_tool_resume,finalizer->END,edge,[],,33.175927,tool_resume_contention_meso,tool_resume_contention_meso_20260603_163938_901759
late_evidence_merge_barrier,barrier,,[],sequential,0.0,33.180187,False,0,composite_tool_resume,late_evidence_merge_barrier,barrier,[],,33.180187,tool_resume_contention_meso,tool_resume_contention_meso_20260603_163938_901759
evidence_merge,aggregator,,[],fan_in,7.952735,41.165618,False,0,composite_tool_resume,evidence_merge,aggregator,"[""background_coder"", ""resume_evidence_processor_1"", ""resume_evidence_processor_2"", ""resume_evidence_processor_3"", ""resume_evidence_processor_4"", ""resume_evidence_processor_5"", ""resume_evidence_processor_6"", ""resume_evidence_processor_7"", ""resume_evidence_processor_8""]",,33.212883000000005,tool_resume_contention_meso,tool_resume_contention_meso_20260603_163938_901759
evidence_merge->finalizer,edge,,[],fan_in,0.0,41.166046,False,0,composite_tool_resume,evidence_merge->finalizer,edge,[],,41.166046,tool_resume_contention_meso,tool_resume_contention_meso_20260603_163938_901759
planner,planner,,"[""background_coder"", ""critical_coder"", ""tool_branch_1_tool_agent"", ""tool_branch_2_tool_agent"", ""tool_branch_3_tool_agent"", ""tool_branch_4_tool_agent""]",sequential,5.54011,5.549683,True,0,composite_tool_resume,planner,planner,"[""START""]",,0.00957299999999961,tool_resume_contention_meso,tool_resume_contention_meso_20260603_152522_507846
tool_branch_1_tool_agent,tool_agent,tool_branch_1,"[""tool_branch_1_search""]",sequential,6.354726,11.913668,False,0,composite_tool_resume,tool_branch_1_tool_agent,tool_agent,"[""planner""]",,5.558941999999999,tool_resume_contention_meso,tool_resume_contention_meso_20260603_152522_507846
tool_branch_2_tool_agent,tool_agent,tool_branch_2,"[""tool_branch_2_search""]",sequential,6.413707,11.971213,False,0,composite_tool_resume,tool_branch_2_tool_agent,tool_agent,"[""planner""]",,5.557506000000001,tool_resume_contention_meso,tool_resume_contention_meso_20260603_152522_507846
tool_branch_3_tool_agent,tool_agent,tool_branch_3,"[""tool_branch_3_search""]",sequential,6.431773,11.990707,False,0,composite_tool_resume,tool_branch_3_tool_agent,tool_agent,"[""planner""]",,5.558934000000001,tool_resume_contention_meso,tool_resume_contention_meso_20260603_152522_507846
tool_branch_4_tool_agent,tool_agent,tool_branch_4,"[""tool_branch_4_search""]",sequential,6.383548,11.991601,False,0,composite_tool_resume,tool_branch_4_tool_agent,tool_agent,"[""planner""]",,5.608052999999999,tool_resume_contention_meso,tool_resume_contention_meso_20260603_152522_507846
background_coder,coder,background_parallel,"[""evidence_merge""]",sequential,6.434693,11.991921,False,0,composite_tool_resume,background_coder,coder,"[""planner""]",,5.557227999999999,tool_resume_contention_meso,tool_resume_contention_meso_20260603_152522_507846
background_coder->evidence_merge,edge,,[],fan_in,0.0,11.992303,False,0,composite_tool_resume,background_coder->evidence_merge,edge,[],,11.992303,tool_resume_contention_meso,tool_resume_contention_meso_20260603_152522_507846
critical_coder,coder,,"[""critical_reviewer""]",sequential,6.435365,11.993663,True,0,composite_tool_resume,critical_coder,coder,"[""planner""]",,5.558298,tool_resume_contention_meso,tool_resume_contention_meso_20260603_152522_507846
tool_branch_1_search,tool,tool_branch_1,"[""resume_evidence_processor_1""]",tool_dependency,2.07859,13.999148,False,0,composite_tool_resume,tool_branch_1_search,tool,"[""tool_branch_1_tool_agent""]",,11.920558,tool_resume_contention_meso,tool_resume_contention_meso_20260603_152522_507846
tool_branch_4_search,tool,tool_branch_4,"[""resume_evidence_processor_4""]",tool_dependency,2.233044,14.227604,False,0,composite_tool_resume,tool_branch_4_search,tool,"[""tool_branch_4_tool_agent""]",,11.99456,tool_resume_contention_meso,tool_resume_contention_meso_20260603_152522_507846
tool_branch_3_search,tool,tool_branch_3,"[""resume_evidence_processor_3""]",tool_dependency,2.272407,14.266612,False,0,composite_tool_resume,tool_branch_3_search,tool,"[""tool_branch_3_tool_agent""]",,11.994205000000001,tool_resume_contention_meso,tool_resume_contention_meso_20260603_152522_507846
tool_branch_2_search,tool,tool_branch_2,"[""resume_evidence_processor_2""]",tool_dependency,2.315155,14.291003,False,0,composite_tool_resume,tool_branch_2_search,tool,"[""tool_branch_2_tool_agent""]",,11.975848,tool_resume_contention_meso,tool_resume_contention_meso_20260603_152522_507846
critical_reviewer,reviewer,,"[""finalizer""]",sequential,6.084364,18.083062,True,0,composite_tool_resume,critical_reviewer,reviewer,"[""critical_coder""]",,11.998698000000001,tool_resume_contention_meso,tool_resume_contention_meso_20260603_152522_507846
resume_evidence_processor_1,evidence_processor,background_tool_resume,"[""evidence_merge""]",tool_dependency,6.321423,20.330336,False,0,composite_tool_resume,resume_evidence_processor_1,evidence_processor,"[""tool_branch_1_search""]",,14.008913,tool_resume_contention_meso,tool_resume_contention_meso_20260603_152522_507846
resume_evidence_processor_1->evidence_merge,edge,background_tool_resume,[],fan_in,0.0,20.330762,False,0,composite_tool_resume,resume_evidence_processor_1->evidence_merge,edge,[],,20.330762,tool_resume_contention_meso,tool_resume_contention_meso_20260603_152522_507846
resume_evidence_processor_4,evidence_processor,background_tool_resume,"[""evidence_merge""]",tool_dependency,6.395216,20.62929,False,0,composite_tool_resume,resume_evidence_processor_4,evidence_processor,"[""tool_branch_4_search""]",,14.234074000000001,tool_resume_contention_meso,tool_resume_contention_meso_20260603_152522_507846
resume_evidence_processor_4->evidence_merge,edge,background_tool_resume,[],fan_in,0.0,20.629652,False,0,composite_tool_resume,resume_evidence_processor_4->evidence_merge,edge,[],,20.629652,tool_resume_contention_meso,tool_resume_contention_meso_20260603_152522_507846
resume_evidence_processor_3,evidence_processor,background_tool_resume,"[""evidence_merge""]",tool_dependency,6.37024,20.645649,False,0,composite_tool_resume,resume_evidence_processor_3,evidence_processor,"[""tool_branch_3_search""]",,14.275409,tool_resume_contention_meso,tool_resume_contention_meso_20260603_152522_507846
resume_evidence_processor_3->evidence_merge,edge,background_tool_resume,[],fan_in,0.0,20.645992,False,0,composite_tool_resume,resume_evidence_processor_3->evidence_merge,edge,[],,20.645992,tool_resume_contention_meso,tool_resume_contention_meso_20260603_152522_507846
resume_evidence_processor_2,evidence_processor,background_tool_resume,"[""evidence_merge""]",tool_dependency,6.346294,20.646187,False,0,composite_tool_resume,resume_evidence_processor_2,evidence_processor,"[""tool_branch_2_search""]",,14.299893,tool_resume_contention_meso,tool_resume_contention_meso_20260603_152522_507846
resume_evidence_processor_2->evidence_merge,edge,background_tool_resume,[],fan_in,0.0,20.646574,False,0,composite_tool_resume,resume_evidence_processor_2->evidence_merge,edge,[],,20.646574,tool_resume_contention_meso,tool_resume_contention_meso_20260603_152522_507846
finalizer,finalizer,,[],sequential,5.787503,23.876237,True,0,composite_tool_resume,finalizer,finalizer,"[""critical_reviewer""]",,18.088734,tool_resume_contention_meso,tool_resume_contention_meso_20260603_152522_507846
finalizer->END,edge,,[],sequential,0.0,23.876588,False,0,composite_tool_resume,finalizer->END,edge,[],,23.876588,tool_resume_contention_meso,tool_resume_contention_meso_20260603_152522_507846
late_evidence_merge_barrier,barrier,,[],sequential,0.0,23.878401,False,0,composite_tool_resume,late_evidence_merge_barrier,barrier,[],,23.878401,tool_resume_contention_meso,tool_resume_contention_meso_20260603_152522_507846
evidence_merge,aggregator,,[],fan_in,5.751145,29.644634,False,0,composite_tool_resume,evidence_merge,aggregator,"[""background_coder"", ""resume_evidence_processor_1"", ""resume_evidence_processor_2"", ""resume_evidence_processor_3"", ""resume_evidence_processor_4""]",,23.893489,tool_resume_contention_meso,tool_resume_contention_meso_20260603_152522_507846
evidence_merge->finalizer,edge,,[],fan_in,0.0,29.645017,False,0,composite_tool_resume,evidence_merge->finalizer,edge,[],,29.645017,tool_resume_contention_meso,tool_resume_contention_meso_20260603_152522_507846
planner,planner,,"[""background_coder"", ""critical_coder"", ""tool_branch_1_tool_agent"", ""tool_branch_2_tool_agent"", ""tool_branch_3_tool_agent"", ""tool_branch_4_tool_agent""]",sequential,7.469751,7.48134,True,0,composite_tool_resume,planner,planner,"[""START""]",,0.011589000000000738,tool_resume_contention_meso,tool_resume_contention_meso_20260603_163612_203397
tool_branch_4_tool_agent,tool_agent,tool_branch_4,"[""tool_branch_4_search""]",sequential,8.294587,15.825685,False,0,composite_tool_resume,tool_branch_4_tool_agent,tool_agent,"[""planner""]",,7.531098,tool_resume_contention_meso,tool_resume_contention_meso_20260603_163612_203397
tool_branch_3_tool_agent,tool_agent,tool_branch_3,"[""tool_branch_3_search""]",sequential,8.341354,15.863789,False,0,composite_tool_resume,tool_branch_3_tool_agent,tool_agent,"[""planner""]",,7.522435,tool_resume_contention_meso,tool_resume_contention_meso_20260603_163612_203397
tool_branch_2_tool_agent,tool_agent,tool_branch_2,"[""tool_branch_2_search""]",sequential,8.358569,15.879174,False,0,composite_tool_resume,tool_branch_2_tool_agent,tool_agent,"[""planner""]",,7.5206050000000015,tool_resume_contention_meso,tool_resume_contention_meso_20260603_163612_203397
background_coder,coder,background_parallel,"[""evidence_merge""]",sequential,8.390045,15.909776,False,0,composite_tool_resume,background_coder,coder,"[""planner""]",,7.519731,tool_resume_contention_meso,tool_resume_contention_meso_20260603_163612_203397
background_coder->evidence_merge,edge,,[],fan_in,0.0,15.910381,False,0,composite_tool_resume,background_coder->evidence_merge,edge,[],,15.910381,tool_resume_contention_meso,tool_resume_contention_meso_20260603_163612_203397
tool_branch_1_tool_agent,tool_agent,tool_branch_1,"[""tool_branch_1_search""]",sequential,8.386679,15.911579,False,0,composite_tool_resume,tool_branch_1_tool_agent,tool_agent,"[""planner""]",,7.524899999999999,tool_resume_contention_meso,tool_resume_contention_meso_20260603_163612_203397
critical_coder,coder,,"[""critical_reviewer""]",sequential,8.400177,15.922845,True,0,composite_tool_resume,critical_coder,coder,"[""planner""]",,7.522668000000001,tool_resume_contention_meso,tool_resume_contention_meso_20260603_163612_203397
tool_branch_2_search,tool,tool_branch_2,"[""resume_evidence_processor_2""]",tool_dependency,2.062795,17.948308,False,0,composite_tool_resume,tool_branch_2_search,tool,"[""tool_branch_2_tool_agent""]",,15.885513000000001,tool_resume_contention_meso,tool_resume_contention_meso_20260603_163612_203397
tool_branch_1_search,tool,tool_branch_1,"[""resume_evidence_processor_1""]",tool_dependency,2.406887,18.323208,False,0,composite_tool_resume,tool_branch_1_search,tool,"[""tool_branch_1_tool_agent""]",,15.916321,tool_resume_contention_meso,tool_resume_contention_meso_20260603_163612_203397
tool_branch_3_search,tool,tool_branch_3,"[""resume_evidence_processor_3""]",tool_dependency,2.653256,18.520969,False,0,composite_tool_resume,tool_branch_3_search,tool,"[""tool_branch_3_tool_agent""]",,15.867713000000002,tool_resume_contention_meso,tool_resume_contention_meso_20260603_163612_203397
tool_branch_4_search,tool,tool_branch_4,"[""resume_evidence_processor_4""]",tool_dependency,2.701361,18.531606,False,0,composite_tool_resume,tool_branch_4_search,tool,"[""tool_branch_4_tool_agent""]",,15.830245,tool_resume_contention_meso,tool_resume_contention_meso_20260603_163612_203397
critical_reviewer,reviewer,,"[""finalizer""]",sequential,8.174447,24.104555,True,0,composite_tool_resume,critical_reviewer,reviewer,"[""critical_coder""]",,15.930108,tool_resume_contention_meso,tool_resume_contention_meso_20260603_163612_203397
resume_evidence_processor_2,evidence_processor,background_tool_resume,"[""evidence_merge""]",tool_dependency,8.348694,26.30636,False,0,composite_tool_resume,resume_evidence_processor_2,evidence_processor,"[""tool_branch_2_search""]",,17.957666000000003,tool_resume_contention_meso,tool_resume_contention_meso_20260603_163612_203397
resume_evidence_processor_2->evidence_merge,edge,background_tool_resume,[],fan_in,0.0,26.306825,False,0,composite_tool_resume,resume_evidence_processor_2->evidence_merge,edge,[],,26.306825,tool_resume_contention_meso,tool_resume_contention_meso_20260603_163612_203397
resume_evidence_processor_1,evidence_processor,background_tool_resume,"[""evidence_merge""]",tool_dependency,8.290715,26.622162,False,0,composite_tool_resume,resume_evidence_processor_1,evidence_processor,"[""tool_branch_1_search""]",,18.331446999999997,tool_resume_contention_meso,tool_resume_contention_meso_20260603_163612_203397
resume_evidence_processor_1->evidence_merge,edge,background_tool_resume,[],fan_in,0.0,26.622596,False,0,composite_tool_resume,resume_evidence_processor_1->evidence_merge,edge,[],,26.622596,tool_resume_contention_meso,tool_resume_contention_meso_20260603_163612_203397
resume_evidence_processor_3,evidence_processor,background_tool_resume,"[""evidence_merge""]",tool_dependency,8.286693,26.817135,False,0,composite_tool_resume,resume_evidence_processor_3,evidence_processor,"[""tool_branch_3_search""]",,18.530442,tool_resume_contention_meso,tool_resume_contention_meso_20260603_163612_203397
resume_evidence_processor_3->evidence_merge,edge,background_tool_resume,[],fan_in,0.0,26.817551,False,0,composite_tool_resume,resume_evidence_processor_3->evidence_merge,edge,[],,26.817551,tool_resume_contention_meso,tool_resume_contention_meso_20260603_163612_203397
resume_evidence_processor_4,evidence_processor,background_tool_resume,"[""evidence_merge""]",tool_dependency,8.277797,26.819541,False,0,composite_tool_resume,resume_evidence_processor_4,evidence_processor,"[""tool_branch_4_search""]",,18.541744,tool_resume_contention_meso,tool_resume_contention_meso_20260603_163612_203397
resume_evidence_processor_4->evidence_merge,edge,background_tool_resume,[],fan_in,0.0,26.820035,False,0,composite_tool_resume,resume_evidence_processor_4->evidence_merge,edge,[],,26.820035,tool_resume_contention_meso,tool_resume_contention_meso_20260603_163612_203397
finalizer,finalizer,,[],sequential,7.647436,31.759927,True,0,composite_tool_resume,finalizer,finalizer,"[""critical_reviewer""]",,24.112491000000002,tool_resume_contention_meso,tool_resume_contention_meso_20260603_163612_203397
finalizer->END,edge,,[],sequential,0.0,31.760382,False,0,composite_tool_resume,finalizer->END,edge,[],,31.760382,tool_resume_contention_meso,tool_resume_contention_meso_20260603_163612_203397
late_evidence_merge_barrier,barrier,,[],sequential,0.0,31.76197,False,0,composite_tool_resume,late_evidence_merge_barrier,barrier,[],,31.76197,tool_resume_contention_meso,tool_resume_contention_meso_20260603_163612_203397
evidence_merge,aggregator,,[],fan_in,7.655645,39.43842,False,0,composite_tool_resume,evidence_merge,aggregator,"[""background_coder"", ""resume_evidence_processor_1"", ""resume_evidence_processor_2"", ""resume_evidence_processor_3"", ""resume_evidence_processor_4""]",,31.782775,tool_resume_contention_meso,tool_resume_contention_meso_20260603_163612_203397
evidence_merge->finalizer,edge,,[],fan_in,0.0,39.438827,False,0,composite_tool_resume,evidence_merge->finalizer,edge,[],,39.438827,tool_resume_contention_meso,tool_resume_contention_meso_20260603_163612_203397
planner,planner,,"[""background_coder"", ""critical_coder"", ""tool_branch_1_tool_agent"", ""tool_branch_2_tool_agent"", ""tool_branch_3_tool_agent"", ""tool_branch_4_tool_agent""]",sequential,7.362057,7.377513,True,0,composite_tool_resume,planner,planner,"[""START""]",,0.015456000000000358,tool_resume_contention_meso,tool_resume_contention_meso_20260603_163816_416182
tool_branch_1_tool_agent,tool_agent,tool_branch_1,"[""tool_branch_1_search""]",sequential,8.497298,15.936777,False,0,composite_tool_resume,tool_branch_1_tool_agent,tool_agent,"[""planner""]",,7.439478999999999,tool_resume_contention_meso,tool_resume_contention_meso_20260603_163816_416182
tool_branch_3_tool_agent,tool_agent,tool_branch_3,"[""tool_branch_3_search""]",sequential,8.496592,15.937668,False,0,composite_tool_resume,tool_branch_3_tool_agent,tool_agent,"[""planner""]",,7.441076000000001,tool_resume_contention_meso,tool_resume_contention_meso_20260603_163816_416182
tool_branch_2_tool_agent,tool_agent,tool_branch_2,"[""tool_branch_2_search""]",sequential,8.494952,15.938232,False,0,composite_tool_resume,tool_branch_2_tool_agent,tool_agent,"[""planner""]",,7.44328,tool_resume_contention_meso,tool_resume_contention_meso_20260603_163816_416182
tool_branch_4_tool_agent,tool_agent,tool_branch_4,"[""tool_branch_4_search""]",sequential,8.495128,15.938858,False,0,composite_tool_resume,tool_branch_4_tool_agent,tool_agent,"[""planner""]",,7.44373,tool_resume_contention_meso,tool_resume_contention_meso_20260603_163816_416182
background_coder,coder,background_parallel,"[""evidence_merge""]",sequential,8.554937,15.995265,False,0,composite_tool_resume,background_coder,coder,"[""planner""]",,7.440327999999999,tool_resume_contention_meso,tool_resume_contention_meso_20260603_163816_416182
critical_coder,coder,,"[""critical_reviewer""]",sequential,8.556618,15.995653,True,0,composite_tool_resume,critical_coder,coder,"[""planner""]",,7.4390350000000005,tool_resume_contention_meso,tool_resume_contention_meso_20260603_163816_416182
background_coder->evidence_merge,edge,,[],fan_in,0.0,15.996668,False,0,composite_tool_resume,background_coder->evidence_merge,edge,[],,15.996668,tool_resume_contention_meso,tool_resume_contention_meso_20260603_163816_416182
tool_branch_1_search,tool,tool_branch_1,"[""resume_evidence_processor_1""]",tool_dependency,0.913671,16.859935,False,0,composite_tool_resume,tool_branch_1_search,tool,"[""tool_branch_1_tool_agent""]",,15.946264,tool_resume_contention_meso,tool_resume_contention_meso_20260603_163816_416182
tool_branch_3_search,tool,tool_branch_3,"[""resume_evidence_processor_3""]",tool_dependency,1.109181,17.052222,False,0,composite_tool_resume,tool_branch_3_search,tool,"[""tool_branch_3_tool_agent""]",,15.943041000000001,tool_resume_contention_meso,tool_resume_contention_meso_20260603_163816_416182
tool_branch_2_search,tool,tool_branch_2,"[""resume_evidence_processor_2""]",tool_dependency,1.116844,17.059449,False,0,composite_tool_resume,tool_branch_2_search,tool,"[""tool_branch_2_tool_agent""]",,15.942605,tool_resume_contention_meso,tool_resume_contention_meso_20260603_163816_416182
tool_branch_4_search,tool,tool_branch_4,"[""resume_evidence_processor_4""]",tool_dependency,1.344144,17.286066,False,0,composite_tool_resume,tool_branch_4_search,tool,"[""tool_branch_4_tool_agent""]",,15.941922000000002,tool_resume_contention_meso,tool_resume_contention_meso_20260603_163816_416182
critical_reviewer,reviewer,,"[""finalizer""]",sequential,8.256193,24.259222,True,0,composite_tool_resume,critical_reviewer,reviewer,"[""critical_coder""]",,16.003029,tool_resume_contention_meso,tool_resume_contention_meso_20260603_163816_416182
resume_evidence_processor_1,evidence_processor,background_tool_resume,"[""evidence_merge""]",tool_dependency,8.180377,25.04871,False,0,composite_tool_resume,resume_evidence_processor_1,evidence_processor,"[""tool_branch_1_search""]",,16.868333,tool_resume_contention_meso,tool_resume_contention_meso_20260603_163816_416182
resume_evidence_processor_1->evidence_merge,edge,background_tool_resume,[],fan_in,0.0,25.049235,False,0,composite_tool_resume,resume_evidence_processor_1->evidence_merge,edge,[],,25.049235,tool_resume_contention_meso,tool_resume_contention_meso_20260603_163816_416182
resume_evidence_processor_3,evidence_processor,background_tool_resume,"[""evidence_merge""]",tool_dependency,8.198347,25.260105,False,0,composite_tool_resume,resume_evidence_processor_3,evidence_processor,"[""tool_branch_3_search""]",,17.061757999999998,tool_resume_contention_meso,tool_resume_contention_meso_20260603_163816_416182
resume_evidence_processor_3->evidence_merge,edge,background_tool_resume,[],fan_in,0.0,25.260524,False,0,composite_tool_resume,resume_evidence_processor_3->evidence_merge,edge,[],,25.260524,tool_resume_contention_meso,tool_resume_contention_meso_20260603_163816_416182
resume_evidence_processor_2,evidence_processor,background_tool_resume,"[""evidence_merge""]",tool_dependency,8.207171,25.274651,False,0,composite_tool_resume,resume_evidence_processor_2,evidence_processor,"[""tool_branch_2_search""]",,17.067479999999996,tool_resume_contention_meso,tool_resume_contention_meso_20260603_163816_416182
resume_evidence_processor_2->evidence_merge,edge,background_tool_resume,[],fan_in,0.0,25.275061,False,0,composite_tool_resume,resume_evidence_processor_2->evidence_merge,edge,[],,25.275061,tool_resume_contention_meso,tool_resume_contention_meso_20260603_163816_416182
resume_evidence_processor_4,evidence_processor,background_tool_resume,"[""evidence_merge""]",tool_dependency,8.083037,25.376832,False,0,composite_tool_resume,resume_evidence_processor_4,evidence_processor,"[""tool_branch_4_search""]",,17.293795000000003,tool_resume_contention_meso,tool_resume_contention_meso_20260603_163816_416182
resume_evidence_processor_4->evidence_merge,edge,background_tool_resume,[],fan_in,0.0,25.377269,False,0,composite_tool_resume,resume_evidence_processor_4->evidence_merge,edge,[],,25.377269,tool_resume_contention_meso,tool_resume_contention_meso_20260603_163816_416182
finalizer,finalizer,,[],sequential,7.530753,31.798832,True,0,composite_tool_resume,finalizer,finalizer,"[""critical_reviewer""]",,24.268079,tool_resume_contention_meso,tool_resume_contention_meso_20260603_163816_416182
finalizer->END,edge,,[],sequential,0.0,31.799393,False,0,composite_tool_resume,finalizer->END,edge,[],,31.799393,tool_resume_contention_meso,tool_resume_contention_meso_20260603_163816_416182
late_evidence_merge_barrier,barrier,,[],sequential,0.0,31.801228,False,0,composite_tool_resume,late_evidence_merge_barrier,barrier,[],,31.801228,tool_resume_contention_meso,tool_resume_contention_meso_20260603_163816_416182
evidence_merge,aggregator,,[],fan_in,7.652088,39.470389,False,0,composite_tool_resume,evidence_merge,aggregator,"[""background_coder"", ""resume_evidence_processor_1"", ""resume_evidence_processor_2"", ""resume_evidence_processor_3"", ""resume_evidence_processor_4""]",,31.818300999999998,tool_resume_contention_meso,tool_resume_contention_meso_20260603_163816_416182
evidence_merge->finalizer,edge,,[],fan_in,0.0,39.470756,False,0,composite_tool_resume,evidence_merge->finalizer,edge,[],,39.470756,tool_resume_contention_meso,tool_resume_contention_meso_20260603_163816_416182
planner,planner,,"[""background_coder"", ""critical_coder"", ""tool_branch_1_tool_agent"", ""tool_branch_2_tool_agent"", ""tool_branch_3_tool_agent"", ""tool_branch_4_tool_agent"", ""tool_branch_5_tool_agent"", ""tool_branch_6_tool_agent"", ""tool_branch_7_tool_agent"", ""tool_branch_8_tool_agent""]",sequential,7.362402,7.374503,True,0,composite_tool_resume,planner,planner,"[""START""]",,0.012100999999999473,tool_resume_contention_meso,tool_resume_contention_meso_20260603_163856_930471
critical_coder,coder,,"[""critical_reviewer""]",sequential,8.994055,16.453996,True,0,composite_tool_resume,critical_coder,coder,"[""planner""]",,7.459941000000001,tool_resume_contention_meso,tool_resume_contention_meso_20260603_163856_930471
tool_branch_2_tool_agent,tool_agent,tool_branch_2,"[""tool_branch_2_search""]",sequential,9.00533,16.470763,False,0,composite_tool_resume,tool_branch_2_tool_agent,tool_agent,"[""planner""]",,7.465433000000001,tool_resume_contention_meso,tool_resume_contention_meso_20260603_163856_930471
tool_branch_5_tool_agent,tool_agent,tool_branch_5,"[""tool_branch_5_search""]",sequential,9.004278,16.471531,False,0,composite_tool_resume,tool_branch_5_tool_agent,tool_agent,"[""planner""]",,7.4672529999999995,tool_resume_contention_meso,tool_resume_contention_meso_20260603_163856_930471
tool_branch_8_tool_agent,tool_agent,tool_branch_8,"[""tool_branch_8_search""]",sequential,9.001707,16.472427,False,0,composite_tool_resume,tool_branch_8_tool_agent,tool_agent,"[""planner""]",,7.47072,tool_resume_contention_meso,tool_resume_contention_meso_20260603_163856_930471
tool_branch_1_tool_agent,tool_agent,tool_branch_1,"[""tool_branch_1_search""]",sequential,9.023083,16.482758,False,0,composite_tool_resume,tool_branch_1_tool_agent,tool_agent,"[""planner""]",,7.459675000000001,tool_resume_contention_meso,tool_resume_contention_meso_20260603_163856_930471
tool_branch_7_tool_agent,tool_agent,tool_branch_7,"[""tool_branch_7_search""]",sequential,9.032132,16.501887,False,0,composite_tool_resume,tool_branch_7_tool_agent,tool_agent,"[""planner""]",,7.469754999999999,tool_resume_contention_meso,tool_resume_contention_meso_20260603_163856_930471
tool_branch_3_tool_agent,tool_agent,tool_branch_3,"[""tool_branch_3_search""]",sequential,9.034593,16.502447,False,0,composite_tool_resume,tool_branch_3_tool_agent,tool_agent,"[""planner""]",,7.467854000000001,tool_resume_contention_meso,tool_resume_contention_meso_20260603_163856_930471
tool_branch_6_tool_agent,tool_agent,tool_branch_6,"[""tool_branch_6_search""]",sequential,9.03344,16.502982,False,0,composite_tool_resume,tool_branch_6_tool_agent,tool_agent,"[""planner""]",,7.469541999999999,tool_resume_contention_meso,tool_resume_contention_meso_20260603_163856_930471
tool_branch_4_tool_agent,tool_agent,tool_branch_4,"[""tool_branch_4_search""]",sequential,9.037758,16.503497,False,0,composite_tool_resume,tool_branch_4_tool_agent,tool_agent,"[""planner""]",,7.465738999999999,tool_resume_contention_meso,tool_resume_contention_meso_20260603_163856_930471
background_coder,coder,background_parallel,"[""evidence_merge""]",sequential,9.050722,16.512058,False,0,composite_tool_resume,background_coder,coder,"[""planner""]",,7.461335999999999,tool_resume_contention_meso,tool_resume_contention_meso_20260603_163856_930471
background_coder->evidence_merge,edge,,[],fan_in,0.0,16.512503,False,0,composite_tool_resume,background_coder->evidence_merge,edge,[],,16.512503,tool_resume_contention_meso,tool_resume_contention_meso_20260603_163856_930471
tool_branch_5_search,tool,tool_branch_5,"[""resume_evidence_processor_5""]",tool_dependency,1.065613,17.542447,False,0,composite_tool_resume,tool_branch_5_search,tool,"[""tool_branch_5_tool_agent""]",,16.476834,tool_resume_contention_meso,tool_resume_contention_meso_20260603_163856_930471
tool_branch_2_search,tool,tool_branch_2,"[""resume_evidence_processor_2""]",tool_dependency,1.073475,17.549353,False,0,composite_tool_resume,tool_branch_2_search,tool,"[""tool_branch_2_tool_agent""]",,16.475878,tool_resume_contention_meso,tool_resume_contention_meso_20260603_163856_930471
tool_branch_4_search,tool,tool_branch_4,"[""resume_evidence_processor_4""]",tool_dependency,1.14588,17.65283,False,0,composite_tool_resume,tool_branch_4_search,tool,"[""tool_branch_4_tool_agent""]",,16.506950000000003,tool_resume_contention_meso,tool_resume_contention_meso_20260603_163856_930471
tool_branch_6_search,tool,tool_branch_6,"[""resume_evidence_processor_6""]",tool_dependency,1.148251,17.655709,False,0,composite_tool_resume,tool_branch_6_search,tool,"[""tool_branch_6_tool_agent""]",,16.507458000000003,tool_resume_contention_meso,tool_resume_contention_meso_20260603_163856_930471
tool_branch_7_search,tool,tool_branch_7,"[""resume_evidence_processor_7""]",tool_dependency,1.150152,17.656186,False,0,composite_tool_resume,tool_branch_7_search,tool,"[""tool_branch_7_tool_agent""]",,16.506034000000003,tool_resume_contention_meso,tool_resume_contention_meso_20260603_163856_930471
tool_branch_1_search,tool,tool_branch_1,"[""resume_evidence_processor_1""]",tool_dependency,1.176003,17.66484,False,0,composite_tool_resume,tool_branch_1_search,tool,"[""tool_branch_1_tool_agent""]",,16.488837,tool_resume_contention_meso,tool_resume_contention_meso_20260603_163856_930471
tool_branch_8_search,tool,tool_branch_8,"[""resume_evidence_processor_8""]",tool_dependency,1.188716,17.66925,False,0,composite_tool_resume,tool_branch_8_search,tool,"[""tool_branch_8_tool_agent""]",,16.480534000000002,tool_resume_contention_meso,tool_resume_contention_meso_20260603_163856_930471
tool_branch_3_search,tool,tool_branch_3,"[""resume_evidence_processor_3""]",tool_dependency,1.161852,17.669819,False,0,composite_tool_resume,tool_branch_3_search,tool,"[""tool_branch_3_tool_agent""]",,16.507967,tool_resume_contention_meso,tool_resume_contention_meso_20260603_163856_930471
critical_reviewer,reviewer,,"[""finalizer""]",sequential,8.762269,25.222232,True,0,composite_tool_resume,critical_reviewer,reviewer,"[""critical_coder""]",,16.459963000000002,tool_resume_contention_meso,tool_resume_contention_meso_20260603_163856_930471
resume_evidence_processor_5,evidence_processor,background_tool_resume,"[""evidence_merge""]",tool_dependency,8.720023,26.270945,False,0,composite_tool_resume,resume_evidence_processor_5,evidence_processor,"[""tool_branch_5_search""]",,17.550922,tool_resume_contention_meso,tool_resume_contention_meso_20260603_163856_930471
resume_evidence_processor_5->evidence_merge,edge,background_tool_resume,[],fan_in,0.0,26.271382,False,0,composite_tool_resume,resume_evidence_processor_5->evidence_merge,edge,[],,26.271382,tool_resume_contention_meso,tool_resume_contention_meso_20260603_163856_930471
resume_evidence_processor_2,evidence_processor,background_tool_resume,"[""evidence_merge""]",tool_dependency,8.713554,26.271606,False,0,composite_tool_resume,resume_evidence_processor_2,evidence_processor,"[""tool_branch_2_search""]",,17.558051999999996,tool_resume_contention_meso,tool_resume_contention_meso_20260603_163856_930471
resume_evidence_processor_2->evidence_merge,edge,background_tool_resume,[],fan_in,0.0,26.2721,False,0,composite_tool_resume,resume_evidence_processor_2->evidence_merge,edge,[],,26.2721,tool_resume_contention_meso,tool_resume_contention_meso_20260603_163856_930471
resume_evidence_processor_4,evidence_processor,background_tool_resume,"[""evidence_merge""]",tool_dependency,8.913241,26.576108,False,0,composite_tool_resume,resume_evidence_processor_4,evidence_processor,"[""tool_branch_4_search""]",,17.662867000000002,tool_resume_contention_meso,tool_resume_contention_meso_20260603_163856_930471
resume_evidence_processor_4->evidence_merge,edge,background_tool_resume,[],fan_in,0.0,26.576552,False,0,composite_tool_resume,resume_evidence_processor_4->evidence_merge,edge,[],,26.576552,tool_resume_contention_meso,tool_resume_contention_meso_20260603_163856_930471
resume_evidence_processor_8,evidence_processor,background_tool_resume,"[""evidence_merge""]",tool_dependency,8.91107,26.592739,False,0,composite_tool_resume,resume_evidence_processor_8,evidence_processor,"[""tool_branch_8_search""]",,17.681669,tool_resume_contention_meso,tool_resume_contention_meso_20260603_163856_930471
resume_evidence_processor_1,evidence_processor,background_tool_resume,"[""evidence_merge""]",tool_dependency,8.917244,26.593318,False,0,composite_tool_resume,resume_evidence_processor_1,evidence_processor,"[""tool_branch_1_search""]",,17.676074,tool_resume_contention_meso,tool_resume_contention_meso_20260603_163856_930471
resume_evidence_processor_8->evidence_merge,edge,background_tool_resume,[],fan_in,0.0,26.593453,False,0,composite_tool_resume,resume_evidence_processor_8->evidence_merge,edge,[],,26.593453,tool_resume_contention_meso,tool_resume_contention_meso_20260603_163856_930471
resume_evidence_processor_6,evidence_processor,background_tool_resume,"[""evidence_merge""]",tool_dependency,8.921464,26.593725,False,0,composite_tool_resume,resume_evidence_processor_6,evidence_processor,"[""tool_branch_6_search""]",,17.672261,tool_resume_contention_meso,tool_resume_contention_meso_20260603_163856_930471
resume_evidence_processor_1->evidence_merge,edge,background_tool_resume,[],fan_in,0.0,26.59426,False,0,composite_tool_resume,resume_evidence_processor_1->evidence_merge,edge,[],,26.59426,tool_resume_contention_meso,tool_resume_contention_meso_20260603_163856_930471
resume_evidence_processor_6->evidence_merge,edge,background_tool_resume,[],fan_in,0.0,26.594525,False,0,composite_tool_resume,resume_evidence_processor_6->evidence_merge,edge,[],,26.594525,tool_resume_contention_meso,tool_resume_contention_meso_20260603_163856_930471
resume_evidence_processor_3,evidence_processor,background_tool_resume,"[""evidence_merge""]",tool_dependency,8.911103,26.594779,False,0,composite_tool_resume,resume_evidence_processor_3,evidence_processor,"[""tool_branch_3_search""]",,17.683676,tool_resume_contention_meso,tool_resume_contention_meso_20260603_163856_930471
resume_evidence_processor_3->evidence_merge,edge,background_tool_resume,[],fan_in,0.0,26.595662,False,0,composite_tool_resume,resume_evidence_processor_3->evidence_merge,edge,[],,26.595662,tool_resume_contention_meso,tool_resume_contention_meso_20260603_163856_930471
resume_evidence_processor_7,evidence_processor,background_tool_resume,"[""evidence_merge""]",tool_dependency,8.928515,26.595923,False,0,composite_tool_resume,resume_evidence_processor_7,evidence_processor,"[""tool_branch_7_search""]",,17.667408,tool_resume_contention_meso,tool_resume_contention_meso_20260603_163856_930471
resume_evidence_processor_7->evidence_merge,edge,background_tool_resume,[],fan_in,0.0,26.59659,False,0,composite_tool_resume,resume_evidence_processor_7->evidence_merge,edge,[],,26.59659,tool_resume_contention_meso,tool_resume_contention_meso_20260603_163856_930471
finalizer,finalizer,,[],sequential,7.632059,32.863533,True,0,composite_tool_resume,finalizer,finalizer,"[""critical_reviewer""]",,25.231474,tool_resume_contention_meso,tool_resume_contention_meso_20260603_163856_930471
finalizer->END,edge,,[],sequential,0.0,32.863945,False,0,composite_tool_resume,finalizer->END,edge,[],,32.863945,tool_resume_contention_meso,tool_resume_contention_meso_20260603_163856_930471
late_evidence_merge_barrier,barrier,,[],sequential,0.0,32.866898,False,0,composite_tool_resume,late_evidence_merge_barrier,barrier,[],,32.866898,tool_resume_contention_meso,tool_resume_contention_meso_20260603_163856_930471
evidence_merge,aggregator,,[],fan_in,7.955997,40.854763,False,0,composite_tool_resume,evidence_merge,aggregator,"[""background_coder"", ""resume_evidence_processor_1"", ""resume_evidence_processor_2"", ""resume_evidence_processor_3"", ""resume_evidence_processor_4"", ""resume_evidence_processor_5"", ""resume_evidence_processor_6"", ""resume_evidence_processor_7"", ""resume_evidence_processor_8""]",,32.898765999999995,tool_resume_contention_meso,tool_resume_contention_meso_20260603_163856_930471
evidence_merge->finalizer,edge,,[],fan_in,0.0,40.855165,False,0,composite_tool_resume,evidence_merge->finalizer,edge,[],,40.855165,tool_resume_contention_meso,tool_resume_contention_meso_20260603_163856_930471
planner,planner,,"[""background_coder"", ""critical_coder"", ""tool_branch_1_tool_agent"", ""tool_branch_2_tool_agent"", ""tool_branch_3_tool_agent"", ""tool_branch_4_tool_agent"", ""tool_branch_5_tool_agent"", ""tool_branch_6_tool_agent"", ""tool_branch_7_tool_agent"", ""tool_branch_8_tool_agent""]",sequential,7.338157,7.349738,True,0,composite_tool_resume,planner,planner,"[""START""]",,0.011581000000000508,tool_resume_contention_meso,tool_resume_contention_meso_20260603_163734_553272
tool_branch_8_tool_agent,tool_agent,tool_branch_8,"[""tool_branch_8_search""]",sequential,9.002469,16.437195,False,0,composite_tool_resume,tool_branch_8_tool_agent,tool_agent,"[""planner""]",,7.4347259999999995,tool_resume_contention_meso,tool_resume_contention_meso_20260603_163734_553272
tool_branch_5_tool_agent,tool_agent,tool_branch_5,"[""tool_branch_5_search""]",sequential,9.024072,16.44858,False,0,composite_tool_resume,tool_branch_5_tool_agent,tool_agent,"[""planner""]",,7.424507999999999,tool_resume_contention_meso,tool_resume_contention_meso_20260603_163734_553272
tool_branch_2_tool_agent,tool_agent,tool_branch_2,"[""tool_branch_2_search""]",sequential,9.021492,16.449458,False,0,composite_tool_resume,tool_branch_2_tool_agent,tool_agent,"[""planner""]",,7.427966,tool_resume_contention_meso,tool_resume_contention_meso_20260603_163734_553272
tool_branch_7_tool_agent,tool_agent,tool_branch_7,"[""tool_branch_7_search""]",sequential,9.036408,16.461668,False,0,composite_tool_resume,tool_branch_7_tool_agent,tool_agent,"[""planner""]",,7.42526,tool_resume_contention_meso,tool_resume_contention_meso_20260603_163734_553272
tool_branch_4_tool_agent,tool_agent,tool_branch_4,"[""tool_branch_4_search""]",sequential,9.058477,16.478665,False,0,composite_tool_resume,tool_branch_4_tool_agent,tool_agent,"[""planner""]",,7.420188,tool_resume_contention_meso,tool_resume_contention_meso_20260603_163734_553272
tool_branch_3_tool_agent,tool_agent,tool_branch_3,"[""tool_branch_3_search""]",sequential,9.050751,16.479186,False,0,composite_tool_resume,tool_branch_3_tool_agent,tool_agent,"[""planner""]",,7.428434999999999,tool_resume_contention_meso,tool_resume_contention_meso_20260603_163734_553272
tool_branch_6_tool_agent,tool_agent,tool_branch_6,"[""tool_branch_6_search""]",sequential,9.068935,16.493614,False,0,composite_tool_resume,tool_branch_6_tool_agent,tool_agent,"[""planner""]",,7.424679000000001,tool_resume_contention_meso,tool_resume_contention_meso_20260603_163734_553272
tool_branch_1_tool_agent,tool_agent,tool_branch_1,"[""tool_branch_1_search""]",sequential,9.102864,16.494382,False,0,composite_tool_resume,tool_branch_1_tool_agent,tool_agent,"[""planner""]",,7.391518000000001,tool_resume_contention_meso,tool_resume_contention_meso_20260603_163734_553272
background_coder,coder,background_parallel,"[""evidence_merge""]",sequential,9.115874,16.508138,False,0,composite_tool_resume,background_coder,coder,"[""planner""]",,7.392263999999999,tool_resume_contention_meso,tool_resume_contention_meso_20260603_163734_553272
critical_coder,coder,,"[""critical_reviewer""]",sequential,9.08989,16.508283,True,0,composite_tool_resume,critical_coder,coder,"[""planner""]",,7.418392999999998,tool_resume_contention_meso,tool_resume_contention_meso_20260603_163734_553272
background_coder->evidence_merge,edge,,[],fan_in,0.0,16.508737,False,0,composite_tool_resume,background_coder->evidence_merge,edge,[],,16.508737,tool_resume_contention_meso,tool_resume_contention_meso_20260603_163734_553272
tool_branch_2_search,tool,tool_branch_2,"[""resume_evidence_processor_2""]",tool_dependency,0.936072,17.396088,False,0,composite_tool_resume,tool_branch_2_search,tool,"[""tool_branch_2_tool_agent""]",,16.460016,tool_resume_contention_meso,tool_resume_contention_meso_20260603_163734_553272
tool_branch_8_search,tool,tool_branch_8,"[""resume_evidence_processor_8""]",tool_dependency,0.953827,17.396669,False,0,composite_tool_resume,tool_branch_8_search,tool,"[""tool_branch_8_tool_agent""]",,16.442842,tool_resume_contention_meso,tool_resume_contention_meso_20260603_163734_553272
tool_branch_6_search,tool,tool_branch_6,"[""resume_evidence_processor_6""]",tool_dependency,1.035107,17.531236,False,0,composite_tool_resume,tool_branch_6_search,tool,"[""tool_branch_6_tool_agent""]",,16.496129,tool_resume_contention_meso,tool_resume_contention_meso_20260603_163734_553272
tool_branch_4_search,tool,tool_branch_4,"[""resume_evidence_processor_4""]",tool_dependency,1.059333,17.540356,False,0,composite_tool_resume,tool_branch_4_search,tool,"[""tool_branch_4_tool_agent""]",,16.481023,tool_resume_contention_meso,tool_resume_contention_meso_20260603_163734_553272
tool_branch_7_search,tool,tool_branch_7,"[""resume_evidence_processor_7""]",tool_dependency,1.079541,17.54316,False,0,composite_tool_resume,tool_branch_7_search,tool,"[""tool_branch_7_tool_agent""]",,16.463619,tool_resume_contention_meso,tool_resume_contention_meso_20260603_163734_553272
tool_branch_3_search,tool,tool_branch_3,"[""resume_evidence_processor_3""]",tool_dependency,1.067691,17.5495,False,0,composite_tool_resume,tool_branch_3_search,tool,"[""tool_branch_3_tool_agent""]",,16.481809,tool_resume_contention_meso,tool_resume_contention_meso_20260603_163734_553272
tool_branch_1_search,tool,tool_branch_1,"[""resume_evidence_processor_1""]",tool_dependency,1.064104,17.562083,False,0,composite_tool_resume,tool_branch_1_search,tool,"[""tool_branch_1_tool_agent""]",,16.497979,tool_resume_contention_meso,tool_resume_contention_meso_20260603_163734_553272
tool_branch_5_search,tool,tool_branch_5,"[""resume_evidence_processor_5""]",tool_dependency,1.273804,17.725239,False,0,composite_tool_resume,tool_branch_5_search,tool,"[""tool_branch_5_tool_agent""]",,16.451435,tool_resume_contention_meso,tool_resume_contention_meso_20260603_163734_553272
critical_reviewer,reviewer,,"[""finalizer""]",sequential,8.816952,25.331925,True,0,composite_tool_resume,critical_reviewer,reviewer,"[""critical_coder""]",,16.514972999999998,tool_resume_contention_meso,tool_resume_contention_meso_20260603_163734_553272
resume_evidence_processor_8,evidence_processor,background_tool_resume,"[""evidence_merge""]",tool_dependency,8.711902,26.117003,False,0,composite_tool_resume,resume_evidence_processor_8,evidence_processor,"[""tool_branch_8_search""]",,17.405101000000002,tool_resume_contention_meso,tool_resume_contention_meso_20260603_163734_553272
resume_evidence_processor_8->evidence_merge,edge,background_tool_resume,[],fan_in,0.0,26.117502,False,0,composite_tool_resume,resume_evidence_processor_8->evidence_merge,edge,[],,26.117502,tool_resume_contention_meso,tool_resume_contention_meso_20260603_163734_553272
resume_evidence_processor_2,evidence_processor,background_tool_resume,"[""evidence_merge""]",tool_dependency,8.726713,26.13306,False,0,composite_tool_resume,resume_evidence_processor_2,evidence_processor,"[""tool_branch_2_search""]",,17.406347,tool_resume_contention_meso,tool_resume_contention_meso_20260603_163734_553272
resume_evidence_processor_2->evidence_merge,edge,background_tool_resume,[],fan_in,0.0,26.133477,False,0,composite_tool_resume,resume_evidence_processor_2->evidence_merge,edge,[],,26.133477,tool_resume_contention_meso,tool_resume_contention_meso_20260603_163734_553272
resume_evidence_processor_6,evidence_processor,background_tool_resume,"[""evidence_merge""]",tool_dependency,8.846261,26.384387,False,0,composite_tool_resume,resume_evidence_processor_6,evidence_processor,"[""tool_branch_6_search""]",,17.538126,tool_resume_contention_meso,tool_resume_contention_meso_20260603_163734_553272
resume_evidence_processor_6->evidence_merge,edge,background_tool_resume,[],fan_in,0.0,26.384804,False,0,composite_tool_resume,resume_evidence_processor_6->evidence_merge,edge,[],,26.384804,tool_resume_contention_meso,tool_resume_contention_meso_20260603_163734_553272
resume_evidence_processor_7,evidence_processor,background_tool_resume,"[""evidence_merge""]",tool_dependency,8.85107,26.401375,False,0,composite_tool_resume,resume_evidence_processor_7,evidence_processor,"[""tool_branch_7_search""]",,17.550305,tool_resume_contention_meso,tool_resume_contention_meso_20260603_163734_553272
resume_evidence_processor_7->evidence_merge,edge,background_tool_resume,[],fan_in,0.0,26.401805,False,0,composite_tool_resume,resume_evidence_processor_7->evidence_merge,edge,[],,26.401805,tool_resume_contention_meso,tool_resume_contention_meso_20260603_163734_553272
resume_evidence_processor_4,evidence_processor,background_tool_resume,"[""evidence_merge""]",tool_dependency,8.884426,26.432837,False,0,composite_tool_resume,resume_evidence_processor_4,evidence_processor,"[""tool_branch_4_search""]",,17.548411,tool_resume_contention_meso,tool_resume_contention_meso_20260603_163734_553272
resume_evidence_processor_4->evidence_merge,edge,background_tool_resume,[],fan_in,0.0,26.433287,False,0,composite_tool_resume,resume_evidence_processor_4->evidence_merge,edge,[],,26.433287,tool_resume_contention_meso,tool_resume_contention_meso_20260603_163734_553272
resume_evidence_processor_3,evidence_processor,background_tool_resume,"[""evidence_merge""]",tool_dependency,8.877035,26.433802,False,0,composite_tool_resume,resume_evidence_processor_3,evidence_processor,"[""tool_branch_3_search""]",,17.556767,tool_resume_contention_meso,tool_resume_contention_meso_20260603_163734_553272
resume_evidence_processor_3->evidence_merge,edge,background_tool_resume,[],fan_in,0.0,26.434211,False,0,composite_tool_resume,resume_evidence_processor_3->evidence_merge,edge,[],,26.434211,tool_resume_contention_meso,tool_resume_contention_meso_20260603_163734_553272
resume_evidence_processor_1,evidence_processor,background_tool_resume,"[""evidence_merge""]",tool_dependency,8.880647,26.450276,False,0,composite_tool_resume,resume_evidence_processor_1,evidence_processor,"[""tool_branch_1_search""]",,17.569629,tool_resume_contention_meso,tool_resume_contention_meso_20260603_163734_553272
resume_evidence_processor_1->evidence_merge,edge,background_tool_resume,[],fan_in,0.0,26.450713,False,0,composite_tool_resume,resume_evidence_processor_1->evidence_merge,edge,[],,26.450713,tool_resume_contention_meso,tool_resume_contention_meso_20260603_163734_553272
resume_evidence_processor_5,evidence_processor,background_tool_resume,"[""evidence_merge""]",tool_dependency,8.719282,26.451034,False,0,composite_tool_resume,resume_evidence_processor_5,evidence_processor,"[""tool_branch_5_search""]",,17.731752,tool_resume_contention_meso,tool_resume_contention_meso_20260603_163734_553272
resume_evidence_processor_5->evidence_merge,edge,background_tool_resume,[],fan_in,0.0,26.451495,False,0,composite_tool_resume,resume_evidence_processor_5->evidence_merge,edge,[],,26.451495,tool_resume_contention_meso,tool_resume_contention_meso_20260603_163734_553272
finalizer,finalizer,,[],sequential,7.581591,32.923097,True,0,composite_tool_resume,finalizer,finalizer,"[""critical_reviewer""]",,25.341506,tool_resume_contention_meso,tool_resume_contention_meso_20260603_163734_553272
finalizer->END,edge,,[],sequential,0.0,32.923585,False,0,composite_tool_resume,finalizer->END,edge,[],,32.923585,tool_resume_contention_meso,tool_resume_contention_meso_20260603_163734_553272
late_evidence_merge_barrier,barrier,,[],sequential,0.0,32.926638,False,0,composite_tool_resume,late_evidence_merge_barrier,barrier,[],,32.926638,tool_resume_contention_meso,tool_resume_contention_meso_20260603_163734_553272
evidence_merge,aggregator,,[],fan_in,7.911877,40.867397,False,0,composite_tool_resume,evidence_merge,aggregator,"[""background_coder"", ""resume_evidence_processor_1"", ""resume_evidence_processor_2"", ""resume_evidence_processor_3"", ""resume_evidence_processor_4"", ""resume_evidence_processor_5"", ""resume_evidence_processor_6"", ""resume_evidence_processor_7"", ""resume_evidence_processor_8""]",,32.95552,tool_resume_contention_meso,tool_resume_contention_meso_20260603_163734_553272
evidence_merge->finalizer,edge,,[],fan_in,0.0,40.867764,False,0,composite_tool_resume,evidence_merge->finalizer,edge,[],,40.867764,tool_resume_contention_meso,tool_resume_contention_meso_20260603_163734_553272
tool_repo_search,tool,,[],tool_dependency,2.789777,2.825432,False,0,manager_worker,tool_repo_search,tool,[],,0.035655000000000214,tool_specialist_team,tool_specialist_team_20260603_152125_128117
tool_repo_tool_metrics,tool,,[],tool_dependency,0.0,2.832129,False,0,manager_worker,tool_repo_tool_metrics,tool,[],,2.832129,tool_specialist_team,tool_specialist_team_20260603_152125_128117
tool_test_search,tool,,[],tool_dependency,2.86433,2.872093,False,0,manager_worker,tool_test_search,tool,[],,0.007763000000000186,tool_specialist_team,tool_specialist_team_20260603_152125_128117
tool_test_tool_metrics,tool,,[],tool_dependency,0.0,2.872289,False,0,manager_worker,tool_test_tool_metrics,tool,[],,2.872289,tool_specialist_team,tool_specialist_team_20260603_152125_128117
tool_search_search,tool,,[],tool_dependency,3.014366,3.018408,False,0,manager_worker,tool_search_search,tool,[],,0.004042000000000101,tool_specialist_team,tool_specialist_team_20260603_152125_128117
tool_search_tool_metrics,tool,,[],tool_dependency,0.0,3.018636,False,0,manager_worker,tool_search_tool_metrics,tool,[],,3.018636,tool_specialist_team,tool_specialist_team_20260603_152125_128117
tool_doc_search,tool,,[],tool_dependency,3.183361,3.191636,False,0,manager_worker,tool_doc_search,tool,[],,0.00827499999999981,tool_specialist_team,tool_specialist_team_20260603_152125_128117
tool_doc_tool_metrics,tool,,[],tool_dependency,0.0,3.19198,False,0,manager_worker,tool_doc_tool_metrics,tool,[],,3.19198,tool_specialist_team,tool_specialist_team_20260603_152125_128117
tool_repo,tool_agent,tool_specialists,"[""tool_result_merge""]",sequential,6.054537,8.892955,False,0,manager_worker,tool_repo,tool_agent,"[""manager""]",,2.8384180000000008,tool_specialist_team,tool_specialist_team_20260603_152125_128117
tool_repo->tool_result_merge,edge,tool_specialists,[],fan_in,0.0,8.893351,False,0,manager_worker,tool_repo->tool_result_merge,edge,[],,8.893351,tool_specialist_team,tool_specialist_team_20260603_152125_128117
tool_test,tool_agent,tool_specialists,"[""tool_result_merge""]",sequential,6.028904,8.906526,False,0,manager_worker,tool_test,tool_agent,"[""manager""]",,2.8776219999999997,tool_specialist_team,tool_specialist_team_20260603_152125_128117
tool_test->tool_result_merge,edge,tool_specialists,[],fan_in,0.0,8.90688,False,0,manager_worker,tool_test->tool_result_merge,edge,[],,8.90688,tool_specialist_team,tool_specialist_team_20260603_152125_128117
tool_search,tool_agent,tool_specialists,"[""tool_result_merge""]",sequential,6.014555,9.03799,False,0,manager_worker,tool_search,tool_agent,"[""manager""]",,3.023435000000001,tool_specialist_team,tool_specialist_team_20260603_152125_128117
tool_search->tool_result_merge,edge,tool_specialists,[],fan_in,0.0,9.038321,False,0,manager_worker,tool_search->tool_result_merge,edge,[],,9.038321,tool_specialist_team,tool_specialist_team_20260603_152125_128117
tool_doc,tool_agent,tool_specialists,"[""tool_result_merge""]",sequential,5.911928,9.109717,False,0,manager_worker,tool_doc,tool_agent,"[""manager""]",,3.197789,tool_specialist_team,tool_specialist_team_20260603_152125_128117
tool_doc->tool_result_merge,edge,tool_specialists,[],fan_in,0.0,9.110041,False,0,manager_worker,tool_doc->tool_result_merge,edge,[],,9.110041,tool_specialist_team,tool_specialist_team_20260603_152125_128117
tool_merge_barrier,barrier,,[],sequential,0.0,9.111324,False,0,manager_worker,tool_merge_barrier,barrier,[],,9.111324,tool_specialist_team,tool_specialist_team_20260603_152125_128117
tool_result_merge,aggregator,,"[""finalizer""]",fan_in,5.662099,14.789375,True,0,manager_worker,tool_result_merge,aggregator,"[""tool_search"", ""tool_repo"", ""tool_doc"", ""tool_test""]",,9.127275999999998,tool_specialist_team,tool_specialist_team_20260603_152125_128117
tool_result_merge->finalizer,edge,,[],fan_in,0.0,14.789893,False,0,manager_worker,tool_result_merge->finalizer,edge,[],,14.789893,tool_specialist_team,tool_specialist_team_20260603_152125_128117
finalizer,finalizer,,[],sequential,5.539677,20.333958,True,0,manager_worker,finalizer,finalizer,"[""tool_result_merge""]",,14.794280999999998,tool_specialist_team,tool_specialist_team_20260603_152125_128117
finalizer->END,edge,,[],fan_in,0.0,20.334305,False,0,manager_worker,finalizer->END,edge,[],,20.334305,tool_specialist_team,tool_specialist_team_20260603_152125_128117
